name,recipe,category,images
Mango Milk Tea,"Iced black tea. Made with half and half instead of water. Mango syrup (1 pump tall, 2 grande, 2.5 venti). ",Secret Teas,https://starbuckssecretmenu.net/wp-content/uploads/2015/07/mango-milk-tea.jpg
Spiced Apple Pie,"½ Hot Passion Tango Tea. ½ Steamed apple juice. Add cinnamon dolce syrup (3 pumps tall, 4 grande, 5 venti). Top with whipped cream, graham cracker and cinnamon dolce sprinkles. ",Secret Drinks,https://starbuckssecretmenu.net/wp-content/uploads/2015/10/Spiced-Apple-Pie.jpg
Taste the Rainbow with Starbucks Secret Menu Blue Drink!,Passion iced tea. Made with Soy Milk. Add vanilla syrup. ,Secret Drinks,"https://starbuckssecretmenu.net/wp-content/uploads/2016/06/rainbow-starbucks-blue-drink.jpg,https://starbuckssecretmenu.net/wp-content/uploads/2016/06/starbucks-rainbow.jpg,https://starbuckssecretmenu.net/wp-content/uploads/2016/06/starbucks-secret-menu-rainbow-drinks.jpg"
Superfruit Iced Tea,Iced green tea. No added water or sweetener. 1 scoop of limes. 1 scoop of strawberries.  1 scoop of berries for extra fruitiness. ,Secret Teas,https://starbuckssecretmenu.net/wp-content/uploads/2016/01/starbucks-superfruit-tea.jpg
Raspberry Iced Tea,"Iced half green, half black tea. Add raspberry syrup (2 pumps tall, 3 grande, 4 venti). ",Secret Teas,https://starbuckssecretmenu.net/wp-content/uploads/2015/06/Starbucks-Raspberry-Tea.jpg
Starbucks Secret Menu Purple Drink is the Newest Internet Sensation!,Passion Iced Tea. Made with Soymilk. Vanilla syrup. Scoops of Blackberries. ,Secret Drinks,"https://starbuckssecretmenu.net/wp-content/uploads/2016/06/purple-drink-starbucks.jpg,https://starbuckssecretmenu.net/wp-content/uploads/2016/06/purple-drink.jpg,https://starbuckssecretmenu.net/wp-content/uploads/2016/06/starbucks-purple-drink.jpg"
Arnold Palmer,"Half iced black tea. Half lemonade. Classic syrup (1.5 pumps tall, 2 pumps grande, 3 pumps venti). ",Secret Drinks,https://starbuckssecretmenu.net/wp-content/uploads/2015/07/arnold-palmer.jpg
Taste the Rainbow with Starbucks Secret Menu Green Drink!,Iced black tea. Add matcha powder. Made with coconut milk. ,Secret Drinks,"https://starbuckssecretmenu.net/wp-content/uploads/2016/06/starbucks-green-drink.jpg,https://starbuckssecretmenu.net/wp-content/uploads/2016/06/rainbow-starbucks-secret-menu.jpg,https://starbuckssecretmenu.net/wp-content/uploads/2016/06/starbucks-secret-menu-taste-the-rainbow.jpg,https://starbuckssecretmenu.net/wp-content/uploads/2016/06/Starbucks-Secret-Menu-rainbow-drinks-stack.jpg"
Passion Coldbuster Tea,Venti tea with one bag of Passion Tango tea and one bag of Emperor’s Cloud and Mist. Half steamed lemonade and half boiling water. Add a bit of honey. ,Secret Teas,https://starbuckssecretmenu.net/wp-content/uploads/2016/12/passion-coldbuster-tea.jpg
Starbucks Matcha & Espresso Fusion,Start with standard scoops of matcha powder mixed with a little bit of water to eliminate chunks. Add Ice. Add choice of milk. Add affogato shots (1-2). ,Secret Drinks,https://starbuckssecretmenu.net/wp-content/uploads/2016/11/matcha-espresso-fusion.jpg
Starbucks Matcha Pink Drink,3 parts traditional Pink Drink (Strawberry Acai Refresher with coconut milk). Atop 1 part matcha coconut milk on the rocks. ,Secret Drinks,"https://starbuckssecretmenu.net/wp-content/uploads/2017/02/Starbucks-Matcha-Pink-Drink.jpg,https://starbuckssecretmenu.net/wp-content/uploads/2017/02/Starbucks-Secret-Menu-Matcha-Pink-Drink.jpg"
Starbucks Pink Purple Drink,"1 part Pink Drink (Strawberry Acai Refresher with coconut milk). 1 part Purple Drink (Passion Iced Tea with soy , vanilla syrup & blackberries). 1 part Pink Drink. 1 part modified Purple Drink (Passion Iced Tea with coconut milk, vanilla syrup & 3 scoops of berries). ",Secret Drinks,"https://starbuckssecretmenu.net/wp-content/uploads/2017/03/Pink-Purple-Drink.jpg,https://starbuckssecretmenu.net/wp-content/uploads/2017/03/Starbucks-Pink-Purple-Drink.jpg,https://starbuckssecretmenu.net/wp-content/uploads/2017/03/pink-purple-drink-and-matcha-pink-drink.jpg"
Starbucks Ombré Pink Drink,Pink Drink. Topped passion iced tea. Cool Lime Refresher made with coconut milk (no water). Top with passion tea. ,Secret Drinks,"https://starbuckssecretmenu.net/wp-content/uploads/2017/06/Starbucks-Ombre-Pink-Drink.jpg,https://starbuckssecretmenu.net/wp-content/uploads/2017/06/Ombre-Pink-Drink-Starbucks.jpg,https://starbuckssecretmenu.net/wp-content/uploads/2017/06/Violet-Drink-and-Pink-Ombre-Drink.jpg,https://starbuckssecretmenu.net/wp-content/uploads/2017/06/Cups-of-Kindness-Starbucks.jpg"
Starbucks Violet Drink,Very Berry Hibiscus Refresher. Made with coconut milk and ice. Scoops of blackberries. ,Secret Drinks,"https://starbuckssecretmenu.net/wp-content/uploads/2017/06/Starbucks-Violet-Drink.jpg,https://starbuckssecretmenu.net/wp-content/uploads/2017/06/Violet-Drink-Starbucks.jpg,https://starbuckssecretmenu.net/wp-content/uploads/2017/06/Violet-Drink-Starbucks-Secret-Menu.jpg,https://starbuckssecretmenu.net/wp-content/uploads/2017/06/Starbucks-Secret-Violet-Drink.jpg"
Berry Hibiscus Passion Tea,Order a Passion Iced Tea. Substitute the water for Very Berry Hibiscus w/ light ice. ,Secret Teas,https://starbuckssecretmenu.net/wp-content/uploads/2013/05/passion-refresher.jpg
Strawberry Lemonade Tea,Strawberry lemonade with equal parts black iced tea and lemonade. Half the regular amount of strawberry. Blend and enjoy!. ,Secret Teas,https://starbuckssecretmenu.net/wp-content/uploads/2013/03/strawberry-lemonade.jpg
London Fog,Earl grey tea semi dry misto. 2 pumps of vanilla syrup. 2 pumps of caramel syrup (optional). ,Secret Teas,https://starbuckssecretmenu.net/wp-content/uploads/2013/05/london-fog.jpg
Peach Ring Tea,"Half Passion Tea and Half Valencia Orange Refresher. Ask for no water. Add peach syrup: 2 pumps for a tall, 3 for a grande, 5 for a venti, or 6 for a trenta. ",Secret Teas,https://starbuckssecretmenu.net/wp-content/uploads/2013/08/peach-ring-tea.jpg
Swedish Berry Iced Tea,"Iced Passion Tea. Sub the water for Berry Hibiscus Juice. Add Classic Syrup (2 pumps tall, 3 pumps grande, 4 pumps venti). Add Raspberry Syrup (1 pump tall, 1.5 pumps grande, 2 pumps venti). Add scoop of berries (1/2 scoop for a tall). Add 1 Lime Wheel. Shake Shake Shake!. ",Secret Teas,https://starbuckssecretmenu.net/wp-content/uploads/2013/09/swedish-berry-iced-tea1.jpg
Pink Raspberry Passion,"Start with a Passion Iced Tea (or black iced tea if preferred). Add Raspberry Syrup (2 pumps tall, 3 pumps grande, 4 pumps venti). Blend like a Frappuccino .. Top with whipped cream. ",Secret Teas,https://starbuckssecretmenu.net/wp-content/uploads/2013/04/pink-raspberry-passion.jpg
Fuzzy Peach Tea,Passion Iced Tea made with half water and half orange mango purée w/light ice. Peach syrup instead of the classic syrup. ,Secret Teas,https://starbuckssecretmenu.net/wp-content/uploads/2013/06/fuzzy-peach-tea.jpg
The Coldbuster,Venti Cup w/ a bag of Jade Citrus Mint Tea and a bag of Peach Tranquility Tea. Add half hot water and half steamed lemonade. Add a little honey for its anti-microbial effects. Optional: Add a pump of peppermint. ,Secret Teas,https://starbuckssecretmenu.net/wp-content/uploads/2013/11/starbucks-coldbuster1.jpg
Popeye Tea,"Unsweetened iced green tea. Add matcha powder (1 scoop tall, 1.5 grande, 2 venti). Blend. ",Secret Teas,https://starbuckssecretmenu.net/wp-content/uploads/2015/01/starbucks-popeye-tea.jpg
Raspberry Milk Tea,"Iced Black Tea made w/ Half & Half instead of water. Add an extra pump of classic syrup. Add toffee nut syrup (1 pump tall, 1.5 grande, 2 venti). Add raspberry syrup (1 pump tall, 1.5 grande, 2 venti). ",Secret Teas,https://starbuckssecretmenu.net/wp-content/uploads/2015/03/raspberry-milk-tea.jpg
Crystal Ball Frappuccino,"Marbled with gem drizzle. Made with peach tea infusion. Topped with peach whipped cream and candy gem topping in your color choice of purple, blue or green.. ",Crème Based Frappuccinos,"https://starbuckssecretmenu.net/wp-content/uploads/2018/03/Starbucks-Crystal-Ball-Frappuccino.jpg,https://starbuckssecretmenu.net/wp-content/uploads/2018/03/Crystal-Ball-Frappuccino-Sprinkles.jpg,https://starbuckssecretmenu.net/wp-content/uploads/2018/03/Crystal-Ball-Frappuccino.jpg"
Fourth of July Frappuccino,Start with a Crystal Ball Frappuccino base for first layer (**or sub with berries instead of crystal ball mix). Middle and top is a Cool Lime Refresher made with coconut milk. Top with Passion tea to make the 3.  layer red. ,Crème Based Frappuccinos,https://starbuckssecretmenu.net/wp-content/uploads/2018/06/Fourth-of-July-Frappuccino.jpg
Cherry Blossom Frappuccino,Strawberries and Crème Frappuccino. Line the cup with drizzle made from white mocha sauce and matcha powder. Top with whipped cream and matcha powder. ,Crème Based Frappuccinos,"https://starbuckssecretmenu.net/wp-content/uploads/2017/09/Starbucks-Cherry-Blossom-Frappuccino.jpg,https://starbuckssecretmenu.net/wp-content/uploads/2017/09/Cherry-Blossom-Frappuccino.jpg,https://starbuckssecretmenu.net/wp-content/uploads/2017/09/Cherry-Blossom-Frappuccino-x-2.jpg"
Polyjuice Potion Frappuccino,"Cherry Blossom Frappuccino (Strawberries and Crème Frappuccino with drizzle lining the cup made from white mocha sauce and matcha powder). Add espresso (1 shot tall and grande, 2 venti). Add vanilla syrup (1 pump tall, 1 ½ grande, 2 venti). ",Coffee/Espresso Frappuccinos,https://starbuckssecretmenu.net/wp-content/uploads/2017/09/Polyjuice-Potion-Frappuccino.jpg
Dragonfruit Frappuccino,Coconut milk to the first line. Mango refresher to the second line. 2 scoops of dragon fruit. Crème base. Top with whipped cream. ,Crème Based Frappuccinos,https://starbuckssecretmenu.net/wp-content/uploads/2018/07/Dragonfruit-Frappuccino.jpg
Starbucks Pokémon Go Frappuccino,Vanilla Bean Frappuccino. Add raspberry syrup. Add freeze dried whole blackberries. Top with whipped cream. ,Fun Pop Culture Frappuccinos,https://starbuckssecretmenu.net/wp-content/uploads/2017/04/Pokemon-Go-Frappuccino-Starbucks.jpg
Starbucks Dragon Frappuccino – The Magic Continues,Green Tea Frappuccino. Add vanilla bean powder. Swirl of berry syrup at the bottom of cup. Top with whip and purple sprinkles. Add coconut syrup. Green Tea Frappuccino. Add vanilla bean powder. Swirl made from white mocha sryup and dried berries drizzled around cup. Top with whip and purple drizzle. Add coconut syrup. ,Crème Based Frappuccinos,"https://starbuckssecretmenu.net/wp-content/uploads/2017/04/Starbucks-Dragon-Frappuccino-Collage.jpg,https://starbuckssecretmenu.net/wp-content/uploads/2017/04/Dragon-Frappuccino.jpg,https://starbuckssecretmenu.net/wp-content/uploads/2017/04/Dragon-Frappuccino-Sample.jpg,https://starbuckssecretmenu.net/wp-content/uploads/2017/04/Red-Dragon-Frappuccino.jpg"
Narwhal Frappuccino,Blended Strawberry Lemonade. Add vanilla bean powder. Top with whipped cream and green tea matcha powder. ,Fruity Frappuccinos,"https://starbuckssecretmenu.net/wp-content/uploads/2017/07/Narwhal-Frappuccino-2.jpg,https://starbuckssecretmenu.net/wp-content/uploads/2017/07/Narwhal-Frappuccino-3.jpg"
Mermaid Frappuccino,Vanilla Bean Frappuccino. Add freeze dried whole blackberries. Line the cup with green mixed drizzle (recipe below). Top with whipped cream and additional drizzle or matcha powder. 8 pumps of white mocha sauce. 3 pumps toasted coconut syrup. 3 heaping scoops of matcha. Mix in pitcher until smooth and pour into gravity bottle. Strawberries and creme Frappuccino. Line cup with freeze dried blackberries and white mocha sauce drizzle. Top with whip and additional drizzle. ,Crème Based Frappuccinos,"https://starbuckssecretmenu.net/wp-content/uploads/2017/04/The-Mermaid-Frappuccino-Starbucks.jpg,https://starbuckssecretmenu.net/wp-content/uploads/2017/04/Mermaid-Frappuccino-Strawberry.jpg"
Lucky Leprechaun Frappuccino,"Green Tea Frappuccino. Add peppermint syrup (1 pump tall, 2 grande, 3 venti). Add java chips. ",Crème Based Frappuccinos,https://starbuckssecretmenu.net/wp-content/uploads/2017/03/Lucky-Leprechaun-Frappuccino.jpg
Pumpkin Chocolate Chip Cookie Frappuccino,"Pumpkin Spice Crème Frappuccino. Add mocha sauce (1 pump tall, 1 ½ grande, 2 venti). Add 1 scoop of java chips (2 for venti). Add cinnamon dolce syrup (1 pump tall, 1 ½ grande, 2 venti). ",Crème Based Frappuccinos,https://starbuckssecretmenu.net/wp-content/uploads/2016/10/Pumpkin-Chocolate-Chip-Cookie-Frappuccino.jpg
It Frappuccino,Vanilla Bean Frappuccino. Top with strawberry purée and whipped cream. ,Crème Based Frappuccinos,"https://starbuckssecretmenu.net/wp-content/uploads/2017/12/It-Frappuccino.jpg,https://starbuckssecretmenu.net/wp-content/uploads/2017/12/Starbucks-It-Frappuccino.jpg"
Starbucks Pokéball Frappuccino – Catch One Today!,Bottom half Vanilla Frappuccino. Top half Strawberries and Creme Frappuccino. Top with strawberry whipped cream. ,Fun Pop Culture Frappuccinos,"https://starbuckssecretmenu.net/wp-content/uploads/2016/07/Pokeball-Frappuccino.jpg,https://starbuckssecretmenu.net/wp-content/uploads/2016/07/starbucks-pokeball-frappuccino.jpg,https://starbuckssecretmenu.net/wp-content/uploads/2016/07/pokeball-frappuccino-sign.jpg"
Starbucks Zombie Frappuccino Coming October 26-31,Green Caramel Apple Powder. Pink powder. Pink “brains” whipped cream. Pink dark mocha drizzle. ,Crème Based Frappuccinos,"https://starbuckssecretmenu.net/wp-content/uploads/2017/10/zombie-frappuccino-starbucks.jpg,https://starbuckssecretmenu.net/wp-content/uploads/2017/10/Zombie-Frappuccino.jpg,https://starbuckssecretmenu.net/wp-content/uploads/2017/10/Zombie-Frappuccino-chalk-board-sign.jpg"
Pumpkin Chile Frappuccino,"Pumpkin Spice Frappuccino. Add chili mocha powder (2 for tall, 3 for grande, 4 for Venti). Add white mocha (1/2 for tall, 1 for grande, 1.5 for Venti). Top with whip and add chili + pumpkin topping. ",Coffee/Espresso Frappuccinos,https://starbuckssecretmenu.net/wp-content/uploads/2016/10/Pumpkin-Chile-Frappuccino.jpg
Piña Colada Frappuccino,"Crème Frappuccino with coconut milk to the first line. Pineapple infusion tea to the second line. Add extra ice and and extra pump of crème base. Crème Frappuccino with coconut milk to the first line. Pineapple infusion tea to the 2nd line. Add vanilla bean powder (1 scoop tall, 2 grande, 3 venti). Add classic syrup (½ pump tall, 1 grande,1 ½ venti). Add vanilla syrup (½ pump tall, 1 grande,1 ½ venti). ",Crème Based Frappuccinos,https://starbuckssecretmenu.net/wp-content/uploads/2017/07/Pina-Colada-Frappuccino.jpg
Red Velvet Cinnamon Roll Frappuccino,"Mocha Frappuccino made with half regular mocha sauce and half white mocha sauce. Add cinnamon dolce syrup (1 pump tall, 2 grande, 3 venti). Add raspberry syrup (1 pump tall, 2 grande, 3 venti). ",Crème Based Frappuccinos,https://starbuckssecretmenu.net/wp-content/uploads/2018/12/Red-Velvet-Cinnamon-Roll-Frappuccino.jpg
Starbucks Matcha Lemonade,Matcha Green Tea Powder. Lemonade. Shaken with ice. ,Secret Drinks,"https://starbuckssecretmenu.net/wp-content/uploads/2017/06/Starbucks-Matcha-Lemonade.jpg,https://starbuckssecretmenu.net/wp-content/uploads/2017/06/Matcha-Lemonade-Starbucks.jpg,https://starbuckssecretmenu.net/wp-content/uploads/2017/06/Matcha-Lemonade-Starbucks-Secret-Menu.jpg,https://starbuckssecretmenu.net/wp-content/uploads/2017/06/Starbucks-cups-of-kindness.jpg"
Coconutmilk Pumpkin Macchiato,Coconutmilk Mocha Macchiato. Made with Pumpkin Spice Syrup instead of white mocha syrup. Top with Pumpkin Spice topping. ,Secret Drinks,https://starbuckssecretmenu.net/wp-content/uploads/2017/10/Coconutmilk-Pumpkin-Macchiato.jpg
Holly Jolly Latte,"Eggnog Chai Latte. No water. Add peppermint syrup – 1 pump tall, 2 pumps grande, 3 pumps venti. Top with nutmeg sprinkles and whipped cream. ",Secret Drinks,https://starbuckssecretmenu.net/wp-content/uploads/2017/11/Color-Holly-Jolly-Latte.jpg
Snowball Frappuccino,"White Chocolate Creme Frappuccino. Add toffee nut syrup (1 pump tall, 1.5 grande, 2 venti). Add hazelnut syrup (1 pump tall, 1.5 grande, 2 venti). Top with caramel brulée topping. ",Holiday Frappuccinos,https://starbuckssecretmenu.net/wp-content/uploads/2016/01/snowball-frappuccino.jpg
Stardust Frappuccino,Vanilla Bean Frappuccino. Add blackberries. Blended with sangria. ,Crème Based Frappuccinos,"https://starbuckssecretmenu.net/wp-content/uploads/2018/01/pokemon-stardust-frappuccino.jpg,https://starbuckssecretmenu.net/wp-content/uploads/2018/01/Stardust-Frappuccino-1.jpg"
Love Bean Frappuccino,"Vanilla bean Frappuccino. Add raspberry syrup (1 pump tall, 2 grande, 3 venti recommended). Top with raspberry infused whipped cream and chocolate curls. ",Crème Based Frappuccinos,https://starbuckssecretmenu.net/wp-content/uploads/2016/02/love-bean-frappuccino.jpg
Juniper Lemonade,"Lemonade. Add juniper syrup (2 pumps tall, 3 grande, 4 venti). Add classic syrup (1 pump tall, 2 grande, 3 venti). ",Secret Drinks,https://starbuckssecretmenu.net/wp-content/uploads/2019/01/Juniper-Lemonade.jpg
Java Berry Frappuccino,Java Chip Frappuccino. Top with Raspberry-infused whipped cream. ,Coffee/Espresso Frappuccinos,https://starbuckssecretmenu.net/wp-content/uploads/2016/02/Java-Berry-Crunch-Frappuccino.jpg
Valentine Frappuccino,Bottom layer: Strawberries and Crème Frappuccino with extra pumps or raspberry for extra pink color. Middle layer: Vanilla Bean Frappuccino. Top layer: Blackberry Frappuccino. ,Crème Based Frappuccinos,https://starbuckssecretmenu.net/wp-content/uploads/2016/02/valentine-frappuccino.jpg
Chunky Monkey Frappuccino,Crème based Frappuccino. Add a banana. 2 scoops vanilla bean powder. 2 pumps mocha syrup. 2 pumps hazelnut syrup. 2 pumps toffeenut syrup. Top with light caramel drizzle and light mocha drizzle. ,Crème Based Frappuccinos,https://starbuckssecretmenu.net/wp-content/uploads/2016/02/chunky-monkey-frappuccino.jpg
Green Master Frappuccino,Green Tea Frappuccino. Add java chips. Top with whipped cream and caramel drizzle. ,Crème Based Frappuccinos,https://starbuckssecretmenu.net/wp-content/uploads/2015/12/green-master-frappuccino.jpg
The Dark Side Frappuccino,Espresso Frappuccino. Mocha sauce blended in. Topped with chocolate whip and mocha drizzle. ,Coffee/Espresso Frappuccinos,https://starbuckssecretmenu.net/wp-content/uploads/2015/12/the-dark-side-frappuccino.jpg
Peppermint Bark (Frappuccino),Peppermint Mocha (Frappuccino). Made with half mocha sauce/half white chocolate sauce. Peppermint Hot Chocolate. Made with half mocha sauce/half white chocolate sauce. ,Coffee/Espresso Frappuccinos,https://starbuckssecretmenu.net/wp-content/uploads/2015/11/peppermint-bark.jpg
Raspberry Mocha Eggnog,"Iced White Mocha. Made with eggnog instead of milk. Add raspberry syrup (1 pump tall, 2 grande, 3 venti). ",Holiday Frappuccinos,https://starbuckssecretmenu.net/wp-content/uploads/2015/11/raspberry-mocha-eggnog.jpg
Honey Nut Macchiato,Caramel Macchiato. Sub vanilla syrup for Chestnut Praline Syrup. Top with a packet or two of honey depending on size. ,Secret Drinks,https://starbuckssecretmenu.net/wp-content/uploads/2015/11/honey-nut-macchiato.jpg
Pumpkin Cinnamon Chip Frappuccino,"Pumpkin Spice Crème Frappuccino. Add cinnamon dolce syrup (1 pump tall, 1.5 grande, 2 venti). Add java chips (standard amount). ",Crème Based Frappuccinos,https://starbuckssecretmenu.net/wp-content/uploads/2015/09/Pumpkin-Cinnamon-Chip-Frappuccino.jpg
Halloween Eggnog Frappuccino,"Crème Based Frappuccino. Made with heavy whipping cream. Add pumpkin spice syrup (2 pumps tall, 3 grande, 4 venti). Add caramel syrup (2 pumps tall, 3 grande, 4 venti). Optional: Top with whipped cream, caramel drizzle and pumpkin spice topping. ",Pumpkin Frappuccinos,https://starbuckssecretmenu.net/wp-content/uploads/2015/09/halloween-eggnog-frappuccino.jpg
Pumpkin Cheesecake Frappuccino,"Creme based Pumpkin Spice Frappuccino. Add cinnamon dolce syrup (1 pump tall, 2 grande, 3 venti). Add vanilla bean power (1 scoop tall, 2 grande, 3 venti). Add white mocha syrup (1 pump tall, 2 grande, 3 venti). ",Crème Based Frappuccinos,https://starbuckssecretmenu.net/wp-content/uploads/2015/10/Pumpkin-Cheesecake-Frappuccino.jpg
Cold Hot Chocolate Frappuccino,"Double Chocolaty Chip Crème Frappuccino. Add vanilla syrup (2 pumps tall, 3 grande, 4 venti). Blend in whipped cream for extra creaminess. Top with whip and mocha drizzle. Optional: Add peppermint syrup for a Peppermint Cold Hot Chocolate. ",Crème Based Frappuccinos,https://starbuckssecretmenu.net/wp-content/uploads/2015/11/cold-hot-chocolate-frappuccino.jpg
Cookie Monster’s Dream Frappuccino,"Vanilla bean Frappuccino. Add white mocha sauce (2 pumps tall, 3 grande, 4 venti). Java chips blended in. Top with whipped cream and mocha sauce. ",Cookie Frappuccinos,https://starbuckssecretmenu.net/wp-content/uploads/2015/12/cookie-monsters-dream.jpg
Gingerbread Eggnog Chai,"Chai Latte or Frappuccino. Made with eggnog instead of milk. Add gingerbread syrup (1 pump tall, 2 grande, 3 venti). Top with whipped cream and graham topping. ",Holiday Frappuccinos,https://starbuckssecretmenu.net/wp-content/uploads/2015/12/Gingerbread-Eggnog-Chai.jpg
Maple Mocha Frappuccino,"White Mocha Frappuccino. Add toffee-nut syrup (1 pump tall, 2 pumps grande, 3 pumps venti). ",Coffee/Espresso Frappuccinos,https://starbuckssecretmenu.net/wp-content/uploads/2015/12/maple-mocha-frappuccino.jpg
Stormtrooper Frappuccino,Vanilla Crème Frappuccino (made with syrup not powder). Top with whipped cream and mocha drizzle. ,Crème Based Frappuccinos,https://starbuckssecretmenu.net/wp-content/uploads/2015/12/stormtrooper-frappuccino.jpg
Year Round Caramel Brulee Latte,"Latte flavored with:. White mocha syrup (1 pump tall, 2 grande, 3 venti). Toffee nut syrup (1 pump tall, 2 grande, 3 venti). ",Holiday Frappuccinos,https://starbuckssecretmenu.net/wp-content/uploads/2016/03/year-round-caramel-brulee-latte.jpg
Starbucks Pink Drink has Taken Over Instagram & the Internet!,A Strawberry Acai Refresher. Made with Coconut milk (instead of water). With scoops of strawberries or blackberries or both!. ,Secret Drinks,"https://starbuckssecretmenu.net/wp-content/uploads/2016/06/starbucks-pink-drink.jpg,https://starbuckssecretmenu.net/wp-content/uploads/2016/06/starbucks-secret-menu-pink-drink.jpg,https://starbuckssecretmenu.net/wp-content/uploads/2016/06/starbucks-secret-menu-pink-drink-2.jpg"
Starbucks Orange Drink is Instagram’s Newest Secret Menu Craze,Orange mango juice. Add vanilla bean powder. Add coconut milk. ,Secret Drinks,"https://starbuckssecretmenu.net/wp-content/uploads/2016/06/Orange-drink-starbucks.jpg,https://starbuckssecretmenu.net/wp-content/uploads/2016/06/orange-drink-starbucks-secret-menu.jpg,https://starbuckssecretmenu.net/wp-content/uploads/2016/06/pink-drink-purple-drink-orange-drink-starbucks.jpg"
Strawberry Sunset Refresher,"Strawberry acai to the first line. Water to the third line. Add mango syrup (1 pump tall, 1½ grande, 2 venti). Add peach syrup (1 pump tall, 1½ grande, 2 venti). Fizzed then poured over ice.  If your Starbucks location no longer has a Fizzio machine, this beverage can be enjoyed without fizz as well!. ",Secret Drinks,https://starbuckssecretmenu.net/wp-content/uploads/2015/09/Strawberry-Sunset-Refresher.jpg
Sunset Refresher,Cool Lime Refresher to the first line. Lemonade to the second line and a few pieces of lime. Top up with ice and black tea. ,Secret Drinks,https://starbuckssecretmenu.net/wp-content/uploads/2015/10/Sunset-Refresher.jpg
Strawberry Limeade,Strawberry Açai refresher to bottom line. No water. ½ lime refresher & ½ lemonade to second line. Add ice and shake. ,Secret Drinks,https://starbuckssecretmenu.net/wp-content/uploads/2015/07/strawberry-limeade.jpg
Almond Joy Frappuccino,"Coconut Crème Frappuccino. Add java chips. Add toffee nut syrup (½ pump tall and grande, 1 pump venti). Top with mocha syrup. ",Chocolate Bar Frappuccinos,https://starbuckssecretmenu.net/wp-content/uploads/2015/09/almond-joy-frappuccino.jpg
Vanilla Pumpkin Nut Latte,"Pumpkin Spice Latte. Add toffee nut syrup (1 pump tall, 1.5 grande, 2 venti). Add vanilla syrup (1 pump tall & grande, 1.5 pumps venti). ",Secret Drinks,https://starbuckssecretmenu.net/wp-content/uploads/2015/09/Vanilla-Pumpkin-Nut-Latte.jpg
Ferrero Raffaello Frappuccino,"White Mocha Frappuccino. Add coconut syrup (1 pump tall, 2 pumps grande and venti). Coconut flakes blended in. Top with whip and coconut flakes.  for extra pizzazz: mocha drizzle and caramel drizzle. ",Chocolate Bar Frappuccinos,https://starbuckssecretmenu.net/wp-content/uploads/2015/08/Ferrero-Raffaello-Frappuccino.jpg
Pumpkin Smoothie,"Whole milk to the middle line. 6 pumps of Pumpkin Spice sauce. Add 1 scoop of protein powder. Ice, whole banana and blend!. ",Secret Drinks,https://starbuckssecretmenu.net/wp-content/uploads/2015/10/Pumpkin-Smoothie.jpg
Pumpkin Chai Latte,"Chai Tea Latte (1.5 pumps Chai for tall, 2 grande, 2.5 venti). Add pumpkin spice sauce (1.5 pumps tall, 2 grande, 2.5 venti). Top with whip and pumpkin spice topping. Optional: Feel like drinking it dirty? Add an espresso shot for an extra kick. ",Secret Drinks,https://starbuckssecretmenu.net/wp-content/uploads/2015/10/Pumpkin-Chai-Latte.jpg
Mango Frappuccino,"Vanilla Bean Frappuccino. Made with one less scoop of vanilla bean powder. Add mango syrup (3 pumps tall, 4 venti, 5 grande). ",Crème Based Frappuccinos,https://starbuckssecretmenu.net/wp-content/uploads/2015/08/mango-frappuccino.jpg
Hazelnut Malt Frappuccino,"Vanilla Bean Frappuccino. Extra scoop of vanilla bean powder. Add hazelnut syrup (2 pump tall, 3 pumps grande, 4 pumps venti). Add 2 shakes of Nutmeg powder (3 grande, 4 venti). ",Crème Based Frappuccinos,https://starbuckssecretmenu.net/wp-content/uploads/2015/08/hazelnut-malt-frappuccino.jpg
Affogato Frappuccino,Vanilla Bean Frappuccino. Add 1 floating espresso shot (2 for grande or venti). Optional: Add ½ scoop of java chips (1 scoop for grande or venti). Top with whipped cream if desired. ,Coffee/Espresso Frappuccinos,https://starbuckssecretmenu.net/wp-content/uploads/2014/05/starbucks-affogato-frappuccino.jpg
Blackberry Cobbler Frappuccino,"Vanilla Bean Frappuccino. Add white mocha syrup (1 pump tall, 1.5 pumps grande, 2 pumps venti). Add a scoop of freeze-dried blackberries. ",Crème Based Frappuccinos,https://starbuckssecretmenu.net/wp-content/uploads/2013/08/blackberry-cobbler-frappuccino1.jpg
Chocolate Frosty Frappuccino,3 pumps of mocha syrup. 3 pumps of vanilla syrup. One scoop of vanilla bean powder. Heavy whipping cream (for the thickness). Creme base. Top with whipped cream. ,Crème Based Frappuccinos,https://starbuckssecretmenu.net/wp-content/uploads/2013/08/chocolate-frosty-frappuccino1.jpg
Coconut Cream Pie Frappuccino,"Vanilla Bean Frappuccino made with coconut milk. Add hazelnut syrup (1 pump tall, 1.5 grande, 2 venti). Add toffeenut syrup (1 pump tall, 1.5 grande, 2 venti). Top with whipped cream and optional: caramel drizzle. Coconut Creme Frappuccino. Add hazelnut syrup (1 pump tall, 1.5 grande, 2 venti). Add toffeenut syrup (1 pump tall, 1.5 grande, 2 venti). Top with whipped cream and optional: caramel drizzle. ",Crème Based Frappuccinos,https://starbuckssecretmenu.net/wp-content/uploads/2015/08/Coconut-Cream-Pie-Frappuccino.jpg
Samoa Cookie Frappuccino,Mocha Coconut Frappuccino. 2 pumps of caramel syrup. Ask for extra coconut flakes to be blended into the drink. ,Cookie Frappuccinos,https://starbuckssecretmenu.net/wp-content/uploads/2013/06/samoa-cookie-frappuccino.jpg
The Wired Zombie," No longer available. Sub with Strawberry Acai or Cool Lime Refresher based on preference/availibility. Light lemonade, no water. Add matcha green tea powder (1 scoop tall, 2 grande & venti, 3 trenta). Add classic syrup (½ pump tall, 1 grande, 1.5 venti, 2 trenta). Top with raspberry syrup (½ pump tall, 1 grande, 1.5 venti, 2 trenta). ",Secret Drinks,https://starbuckssecretmenu.net/wp-content/uploads/2014/10/the-wired-zombie.jpg
Berry Forest Smoothie,"Strawberry Smoothie. Made with passion tea instead of milk. Add 2 pumps of Raspberry Syrup. Add berries (2 scoops, 3 if you like it extra fruity).  . ",Secret Drinks,"https://starbuckssecretmenu.net/wp-content/uploads/2014/11/Berry-Forest-Smoothie-c.jpg,https://starbuckssecretmenu.net/wp-content/uploads/2018/07/Starbucks-Dragonfruit-Frappuccino-218x150.jpg,https://starbuckssecretmenu.net/wp-content/uploads/2018/03/Starbucks-Crystal-Ball-Frappuccino-featured-218x150.jpg,https://starbuckssecretmenu.net/wp-content/uploads/2018/01/Stardust-Frappuccino-1-218x150.jpg,https://starbuckssecretmenu.net/wp-content/uploads/2016/01/starbucks-secret-menu-superfruit-tea-218x150.jpg,https://starbuckssecretmenu.net/wp-content/uploads/2015/09/Starbucks-Strawberry-Sunset-Refresher-218x150.jpg,https://starbuckssecretmenu.net/wp-content/uploads/2015/09/starbucks-apple-berry-juice-freeze-218x150.jpg,https://starbuckssecretmenu.net/wp-content/uploads/2015/08/Starbucks-Berry-Vanilla-Smoothie-218x150.jpg,https://starbuckssecretmenu.net/wp-content/uploads/2015/08/starbucks-mango-frappuccino-218x150.jpg,https://starbuckssecretmenu.net/wp-content/uploads/2015/07/starbucks-strawberry-limeade-218x150.jpg"
Warm Sugar Cookie,"White Mocha Hot Chocolate. Add hazelnut syrup (1 pump tall, 2 grande, 3 venti). Add vanilla syrup (1 pump tall, 2 grande, 3 venti). Sprinkle some raw sugar on top.  . ",Secret Drinks,"https://starbuckssecretmenu.net/wp-content/uploads/2014/11/warm-sugar-cookie.jpg,https://starbuckssecretmenu.net/wp-content/uploads/2014/05/starbucks-secret-white-chocolate-macadamia-nut-frappuccino-218x150.jpg,https://starbuckssecretmenu.net/wp-content/uploads/2014/01/starbucks-secret-cinnamon-bun-hot-chocolate-218x150.jpg,https://starbuckssecretmenu.net/wp-content/uploads/2013/11/starbucks-secret-chai-cookie-latte-218x150.jpg,https://starbuckssecretmenu.net/wp-content/uploads/2013/09/hot-butterbeer-latte-218x150.jpg,https://starbuckssecretmenu.net/wp-content/uploads/2013/09/starbucks-secret-strawberry-cookie-crumble-frappuccino-218x150.jpg,https://starbuckssecretmenu.net/wp-content/uploads/2013/02/starbucks-secret-the-nutella-218x150.jpg"
Apple Cider,"Steamed apple juice. Add Oprah chai syrup (1 pump tall, 1.5 grande, 2 venti). ",Secret Drinks,https://starbuckssecretmenu.net/wp-content/uploads/2014/12/starbucks-apple-cider.jpg
Christmas in a Cup Latte,"Start with a Cinnamon Dolce Latte. Add white mocha syrup (1.5 pumps tall, 2 pumps grande, 2.5 pumps venti). Add peppermint syrup (1/2 pump tall, 1 pump grande, 1.5 pumps venti). Optional: Top with chocolate whipped cream instead of regular if you like it extra chocolatey!. ",Secret Drinks,https://starbuckssecretmenu.net/wp-content/uploads/2013/12/starbucks-christmas-in-a-cup.jpg
Peach Apple Lemonade,"Lemonade to first line. Apple juice to second line. Add peach syrup (3 pumps tall, 5 grande, 7 venti). ",Secret Drinks,https://starbuckssecretmenu.net/wp-content/uploads/2014/08/peach-apple-lemonade.jpg
The Chocolate Dalmatian,"White Chocolate Mocha (Hot, Iced or Frappuccino). Add java chips. Top with more java chips!. Optional: Add vanilla or hazelnut syrup for extra sweetness. ",Coffee/Espresso Frappuccinos,https://starbuckssecretmenu.net/wp-content/uploads/2012/08/starbucks-chocolate-dalmatian-frappuccino.jpg
Mexican Hot Chocolate,"Hot chocolate made w/ soy milk (no water). Add mocha syrup (1 pump tall, 1.5 grande, 2 venti). Add white mocha syrup (1 pump tall, 1.5 grande, 2 venti). Add cinnamon dolce syrup (2 pumps tall, 3 grande, 4 venti). Ask for cinnamon powder to be added to milk while it’s steamed. ",Hot Chocolate,https://starbuckssecretmenu.net/wp-content/uploads/2014/01/starbucks-mexican-hot-chocolate.jpg
Tropical Elixir,"Start with raspberry syrup (2 pumps tall, 3 pumps grande, 4 pumps venti). Add strawberry, orange mango and very berry juice to the first line of the cup. Fill with lemonade to the top line. Add ice and shake!. ",Secret Drinks,https://starbuckssecretmenu.net/wp-content/uploads/2013/12/starbucks-tropical-elixir.jpg
Terry’s Chocolate Orange Frappuccino,"Mocha Frappuccino. Add Java Chips. Orange Slices (3 tall, 5 grande, 7 venti). Top with chocolate whipped cream and cookie crumble topping. Iced Coffee. Add Mocha Syrup (3 pumps tall, 4 pumps grande, 5 pumps venti). Add Orange Slices (3 tall, 5 grande, 7 venti). ",Chocolate Bar Frappuccinos,https://starbuckssecretmenu.net/wp-content/uploads/2013/11/terrys-chocolate-orange-frappuccino.jpg
Cinnamon Dolce Smoothie,Order a  Chocolate Smoothie. Ask for Cinnamon Dolce Syrup instead of Mocha. Add 3 scoops of Vanilla Bean. ,Secret Drinks,https://starbuckssecretmenu.net/wp-content/uploads/2014/07/cinnamon-dolce-smoothie.jpg
S’mores Hot Chocolate,"Hot Chocolate. Add chestnut praline syrup (3 pumps tall, 4 grande, 5 venti). Top with whipped cream and mocha drizzle. ",Hot Chocolate,https://starbuckssecretmenu.net/wp-content/uploads/2014/12/smores-hot-chocolate.jpg
Pumpkin Hot Chocolate,"Hot chocolate. Add pumpkin spice sauce (1 pump tall, 2 grande, 3 venti). ",Hot Chocolate,https://starbuckssecretmenu.net/wp-content/uploads/2014/10/pumpkin-hot-chocolate.jpg
Vanilla White Mocha Frappuccino,"White Mocha Frappuccino. Half white mocha syrup/half vanilla syrup (1 pump each for tall, 1.5 grande, 2 venti). Double blend. White Mocha. Half white mocha syrup/half vanilla syrup (1.5 pump each for tall, 2 grande, 2.5 venti, 3 iced venti). Ask for the beverage to be stirred. ",Coffee/Espresso Frappuccinos,https://starbuckssecretmenu.net/wp-content/uploads/2014/10/vanilla-white-mocha-frappuccino.jpg
Vanilla Apple Spice,"Caramel Apple Spice. Made with Vanilla syrup instead of Cinnamon Dolce. Steam vanilla bean powder with the Apple Juice (1 scoop tall, 2 grande, 3 venti). For extra spice ask for cinnamon to be steamed into the apple juice as well. Top with whipped cream, dark caramel drizzle and cinnamon to taste. ",Secret Drinks,https://starbuckssecretmenu.net/wp-content/uploads/2015/05/vanilla-apple-spice.jpg
Shirley Temple,"Orange Mango Lemonade (strawberry lemonade made with orange mango). Blend. Add one pump of raspberry syrup affogato on top. Orange Mango Lemonade, made with half lemonade, half lemon ale. Blend. Add one pump of raspberry syrup affogato on top. ",Secret Drinks,https://starbuckssecretmenu.net/wp-content/uploads/2015/01/starbucks-shirley-temple.jpg
The Cadbury Blackforest,"Signature hot chocolate. Add raspberry syrup (2 pumps for a grande is recommended, adjust for other sizes). ",Hot Chocolate,https://starbuckssecretmenu.net/wp-content/uploads/2013/06/the-cadbury-blackforest1.jpg
Strawberry Coconut Lemonade,"Start with a strawberry lemonade (lemonade with strawberry flavoring). Add 2 pumps of coconut syrup (for a grande, adjust for other sizes). Add Coconut flakes. Blend!. Top with whipped cream if desired. ",Secret Drinks,https://starbuckssecretmenu.net/wp-content/uploads/2013/06/strawberry-coconut-lemonade.jpg
Burnt Marshmallow,Start with a doppio or solo espresso machiato. Add 2 pumps of white mocha sauce. Add caramel drizzle. ,Secret Drinks,https://starbuckssecretmenu.net/wp-content/uploads/2013/06/burnt-marshmallow.jpg
Harry Potter’s Pumpkin Juice,"Pumpkin Spice Sauce (1.5 pumps for a tall, 2 grande, 3 venti). Apple Juice to the top line. Fill the rest of the cup with ice. ",Secret Drinks,https://starbuckssecretmenu.net/wp-content/uploads/2014/10/harry-potters-pumpkin-juice.jpg
Red Mango Explosion,"Orange Mango to the first cold cup line. Lemonade to the third cold cup line. Scoop of ice. Add raspberry syrup (1 pump tall, 2 grande, 3 venti). Finish with a splash of unsweetened passion tea. ",Secret Drinks,https://starbuckssecretmenu.net/wp-content/uploads/2015/01/red-mango-explosion.jpg
The Undertow,Have 3 pumps of your favorite syrup (vanilla suggested) in a tall cup. Add a splash of milk. Add two shots of espresso floating on top. ,Secret Drinks,https://starbuckssecretmenu.net/wp-content/uploads/2013/01/undertow.jpg
Starbucks Apple Berry Juice Freeze,Apple Juice to the first line. Strawberry puree to the second line. Ice and blend!. ,Secret Drinks,https://starbuckssecretmenu.net/wp-content/uploads/2015/09/apple-berry-juice-freeze.jpg
Starbucks Italian Soda,Purchase a Perrier carbonated water. Add 3-4 pumps of your choice of syrup to a grande cup over ice. Have the barista pour in the Perrier. Top with whipped cream if desired. ,Secret Drinks,https://starbuckssecretmenu.net/wp-content/uploads/2013/06/starbucks-italian-soda.jpg
Hipster Chai,"2 pumps white mocha syrup (1 pump for short, 1.5 for tall, 2 for venti). 2 pumps of chai syrup (1 pump for short, 1.5 for tall, 3 for venti). hot water to the half-way mark. 2 shots of espresso (1 shot for a short and tall). topped up with steamed soy milk. ",Secret Drinks,https://starbuckssecretmenu.net/wp-content/uploads/2013/07/hipster-chai.jpg
The Red Starburst,"Blended Strawberry Lemonade (Lemonade and strawberry flavoring). Add Vanilla Bean Powder (1 scoop for a tall, 1.5 for grande and 2 for venti). Add Raspberry syrup (1 pump for tall, 1.5 for grande, 2 for venti). ",Candy Frappuccinos,https://starbuckssecretmenu.net/wp-content/uploads/2013/07/the-red-starburst1.jpg
Very Berry-licious Smoothie,Fill first line with milk. Splash of strawberry juice. 3 scoops of berries. 5 slices of orange. Whole banana. Top with whipped cream. ,Secret Drinks,https://starbuckssecretmenu.net/wp-content/uploads/2013/08/Very-berry-licious-smoothie.jpg
Swirl Pow Hot Chocolate,"Hot Chocolate. Add Vanilla Syrup (1 pump tall, 1.5 pumps grande, 2 pumps venti). Add Mocha Syrup (1 pump tall, 1.5 pumps grande, 2 pumps venti). Top with whipped cream Mocha or Caramel drizzle. ",Hot Chocolate,https://starbuckssecretmenu.net/wp-content/uploads/2013/09/swirl-pow-hot-chocolate.jpeg
Banana Split Frappuccino,Start with a strawberries and creme Frappuccino. Add Vanilla Bean powder. Add Java Chips. Add a whole Banana (note the extra cost). Top with whipped cream and mocha drizzle. Top with caramel drizzle if desired. ,Crème Based Frappuccinos,https://starbuckssecretmenu.net/wp-content/uploads/2013/06/banana-split-frappuccino.jpg
Green Tea Kit Kat Frappuccino,"Matcha Green Tea Frappuccino. No classic syrup. Add white mocha syrup (1 pump tall, 1.5 grande, 2 venti). : Sub soy milk for extra sweetness.  Add java chips for extra chocolatey flavor. ",Chocolate Bar Frappuccinos,https://starbuckssecretmenu.net/wp-content/uploads/2015/07/green-tea-kit-kat-frappuccino.jpg
Rocky Road Frappuccino,"Heavy whip to the bottom line. Add marshmallow syrup (½ pump tall, 1 grande, 1.5 venti). Add mocha syrup (1 pumps tall, 2 grande, 3 venti). Add toffee nut syrup (½ pump tall, 1 grande and venti). 1 packet of almonds (can use the ones meant for oatmeal). Crème base, ice and double blend. Top with whipped cream, mocha drizzle, and caramel ribbon crunch bits if desired. ",Chocolate Bar Frappuccinos,https://starbuckssecretmenu.net/wp-content/uploads/2015/07/rocky-road-frappuccino.jpg
Liquid Cocaine,4 shots of espresso. 4 pumps of white chocolate syrup over ice in a grande cold cup. Stir and enjoy. ,Secret Drinks,https://starbuckssecretmenu.net/wp-content/uploads/2013/02/liquid-cocaine.jpeg
Strawberry Lemonade,Lemonade. Strawberry Flavoring. Blend with ice. ,Secret Drinks,https://starbuckssecretmenu.net/wp-content/uploads/2013/02/strawberry-lemonade1.jpg
The Nutella,"Cafe Misto. Add Mocha Syrup (1/2 pump tall, 1 pump grande, 1.5 pumps venti). Add Hazelnut Syrup (1/2 pump tall, 1 pump grande, 1.5 pumps venti). Add a few drops of caramel drizzle. ",Secret Drinks,https://starbuckssecretmenu.net/wp-content/uploads/2012/08/nutella-frappuccino-466x350.jpg
The Green Eye,Regular drip coffee: blend of your choice. Add 3 extra shots of espresso. ,Secret Drinks,https://starbuckssecretmenu.net/wp-content/uploads/2012/09/green-eye2.jpg
Marshmallow Dream Bar Frappuccino,"Creme base marshmallow Frappuccino. Add vanilla bean powder (1 scoop tall, 2 grande, 3 venti). Layer s’mores milk chocolate on top of the Frappuccino. Top with whip and mocha drizzle. ",Crème Based Frappuccinos,https://starbuckssecretmenu.net/wp-content/uploads/2015/06/Marshmallow-Dream-Bar-Frappuccino.jpg
The Happy Shot,Start with 2 pumps of your preferred syrup flavor in a short cup. Add 2 shots of espresso. Add a little cream to cool it down. Stir and take it like a shot!. ,Secret Drinks,https://starbuckssecretmenu.net/wp-content/uploads/2013/06/happy-shot.jpg
Bubble Gum Frappuccino,"Strawberries and Creme Frappuccino. No classic syrup (unless you like it sweet). Add Raspberry syrup (1 pump for a tall, 2 pumps for a grande, 3 pumps for a venti). ",Candy Frappuccinos,https://starbuckssecretmenu.net/wp-content/uploads/2013/07/bubblegum-frappuccino1.jpg
Caramel and Nut Chocolate Bar Frappuccino,"Java Chip Frappuccino. Add toffee nut syrup (1 pump for a tall, 2 pumps grande, 3 pumps venti). Caramel drizzle in the cup and on top. ",Chocolate Bar Frappuccinos,https://starbuckssecretmenu.net/wp-content/uploads/2012/09/snickers-frappuccino1-412x350.jpg
Oatmeal Raisin Cookie Frappuccino,"Crème based white mocha Frappuccino. Add cinnamon dolce syrup (2 for tall, 3 grande & venti). Add a packet of oatmeal. Add packet of dried fruit (oatmeal topping). Top with whip and cinnamon dolce sprinkles. ",Cookie Frappuccinos,https://starbuckssecretmenu.net/wp-content/uploads/2015/06/oatmeal-raisin-cookie-frappuccino.jpg
Honey Green Tea Frappuccino,"Green Tea Frappuccino. No classic syrup. Honey packets (2 for tall, 3 grande, 4 venti). Double blended to ensure proper mixing of honey. Top with whipped cream and honey drizzle if desired. ",Crème Based Frappuccinos,https://starbuckssecretmenu.net/wp-content/uploads/2015/05/honey-green-tea-frappuccino.jpg
Coffee Crisp Frappuccino,Vanilla Bean Frappuccino. Add 2 scoops of java chips. Add 1 pump of hazelnut syrup. Add 1/2 pump of mocha syrup. Add 2 pumps of Frappuccino Roast. Top with mocha drizzle for extra chocolate (optional). ,Chocolate Bar Frappuccinos,https://starbuckssecretmenu.net/wp-content/uploads/2013/08/coffee-crisp-frappuccino.jpg
Banana Cream Pie Frappuccino,"Start with a Vanilla Bean Creme Frappuccino. Add Vanilla Syrup (1 pump grande, 1.5 pumps venti). Add Hazelnut Syrup (1 pump grande, 1.5 pumps venti). Add a whole banana and top with whipped cream. ",Crème Based Frappuccinos,https://starbuckssecretmenu.net/wp-content/uploads/2013/03/banana-cream-pie-frappuccino1.jpg
Skittles Frappuccino,"Strawberries and Crème Frappuccino. No classic syrup. Add Vanilla Syrup (2 pumps tall, 3 pumps grande, 4 pumps venti). Add Raspberry Syrup (½ pump tall, 1 pump grande, 1.5 pumps venti). ",Candy Frappuccinos,https://starbuckssecretmenu.net/wp-content/uploads/2015/05/Skittles-Frappuccino.jpg
Count Chocula Frappuccino,"Whole milk to the first line. Add vanilla bean powder (2 scoops tall, 3 grande, 4 venti). Add marshmallow syrup (1 pump tall, 1.5 grande, 2 venti). Add mocha syrup (1 pump tall, 1.5 grande, 2 venti). Top with whipped cream and optional mocha drizzle. ",Cereal Frappuccinos,https://starbuckssecretmenu.net/wp-content/uploads/2015/05/Count-Chocula-Frappuccino.jpg
Coconut Ice Cream Frappuccino,Vanilla Bean Frappuccino. Made with coconut milk. ,Crème Based Frappuccinos,https://starbuckssecretmenu.net/wp-content/uploads/2015/05/Coconut-Ice-Cream-Frappuccino.jpg
Le Peach Frappuccino,"Vanilla Bean Frappuccino. Add a small squirt of whipped cream with the whole milk base. Add hazelnut syrup (½ pump tall, 1 grande, 1 venti). Add peach syrup (1 pump tall, 1 ½ grande, 2 venti). Add vanilla syrup (½ pump tall, 1 grande, 1 venti). Add a few strong shakes of cinnamon into the blender. Complete with crème base, top with whipped cream and cinnamon. Add espresso (1 shot tall & grande, 2 venti). Slightly less whole milk. ",Crème Based Frappuccinos,https://starbuckssecretmenu.net/wp-content/uploads/2015/04/Le-Peach-Frappuccino.jpg
Lucky Charms Frappuccino,"Creme Base Frappuccino. Add white mocha syrup.  (1 pump tall, 1 ½ grande, 2 venti). Add marshmallow syrup.  (1 pump tall, 1 ½ grande, 2 venti). Blend and top with whipped cream. ",Cereal Frappuccinos,https://starbuckssecretmenu.net/wp-content/uploads/2015/05/Lucky-Charms-Frappuccino.jpg
Rolo Frappuccino,"Vanilla bean Frappuccino. Add java chips. Carmel drizzle on the inside of the cup. Optional: For an extra chocolatey taste, top with mocha drizzle. ",Chocolate Bar Frappuccinos,https://starbuckssecretmenu.net/wp-content/uploads/2014/04/starbucks-rolo-frappuccino.jpg
Coffee Ice Cream Frappuccino,"White Chocolate Mocha Frappuccino. Add 2 extra pumps of Frappuccino Roast. Add 1 shot espresso. Add java chips (3 scoops tall, 4 grande, 5 venti).  sub half and half for milk or blend with some whipped cream. ",Coffee/Espresso Frappuccinos,https://starbuckssecretmenu.net/wp-content/uploads/2015/04/coffee-ice-cream-frappuccino.jpg
Teddy Grahams Frappuccino Summer Version,"Creme Base Frappuccino. Add graham cracker syrup (2 pumps tall, 3 grande, 4 venti). Blend in graham cracker topping and cinnamon dolce sprinkles. Top with whipped cream, additional graham cracker topping and cinnamon. Cookie straw optional!. ",Cookie Frappuccinos,https://starbuckssecretmenu.net/wp-content/uploads/2012/12/teddy-grahams-cracker-frappuccino.jpg
Orange Creamsicle Frappuccino,"Milk (of your choice) to the 1st line. Orange Mango or Valencia Orange Refresher Juice to the 2nd line. Add classic syrup (2 pumps tall, 3 pumps grande, 4 pumps venti). Add creme base (2 pumps tall, 3 pumps grande, 4 pumps venti). Top with whipped cream (optional). ",Crème Based Frappuccinos,https://starbuckssecretmenu.net/wp-content/uploads/2013/06/orange-creamsicle-frappuccino.jpg
Apple Jacks Frappuccino,"Crème Base Frappuccino. Whole milk to the first line. Apple juice to the second line. Add cinnamon dolce syrup (2 pumps tall, 3 grande, 4 venti). Add toffee nut syrup (1 pump tall, 2 grande, 3 venti). ",Cereal Frappuccinos,https://starbuckssecretmenu.net/wp-content/uploads/2015/03/apple-jacks-frappuccino.jpg
Starbucks Birthday Cake Frappuccino,Vanilla Bean Frappuccino. Hazelnut syrup. Topped with raspberry infused whipped cream. ,Crème Based Frappuccinos,"https://starbuckssecretmenu.net/wp-content/uploads/2015/03/starbucks-20-birthday-cake-frappuccino.jpg,https://starbuckssecretmenu.net/wp-content/uploads/2013/09/starbucks-birthday-cake-frappuccino-476x350.jpg"
Tropical Lavaflow Frappuccino,Vanilla Bean Frappuccino. Made with coconut milk to the bottom line. Orange mango juice to the second line. Top with strawberry puree and whipped cream. ,Crème Based Frappuccinos,https://starbuckssecretmenu.net/wp-content/uploads/2015/04/Tropical-Lavaflow-Frappuccino.jpg
Starbucks Chocolate Mint Frappuccino,"Green Tea Frappuccino. Decrease classic syrup to (1 pump tall, 1.5 grande, 2 venti). Add peppermint syrup (Tall 3 pumps, Grande 4 pumps, Venti 5 pumps). Add vanilla bean powder (2 scoops tall, 3 grande, 4 venti). Add protein powder for thickness (1 scoop tall, 1.5 grande, 2 venti). Add 1 pump of mocha sauce (2 pumps for Grande and Venti) at the bottom of the cup and mocha drizzle on the inside of the cup. Top with whipped cream, mocha drizzle and sprinkle matcha powder on top. ",Chocolate Bar Frappuccinos,https://starbuckssecretmenu.net/wp-content/uploads/2015/04/chocolate-mint-frappuccino.jpg
Tootsie Roll Frappuccino,"Fill Valencia Orange Refresher to the first indent on the cup. Milk to the first line. Add mocha syrup (2 pumps tall, 3 grande, 4 venti). Add vanilla syrup ( 1 pump tall, 2 grande and venti). Add crème base ( 2 pumps tall, 3 grande, 4 venti). ",Candy Frappuccinos,https://starbuckssecretmenu.net/wp-content/uploads/2015/04/Tootsie-Roll-Frappuccino.jpg
Milkybar Frappuccino,"Vanilla Bean Frappuccino. Add white mocha syrup (2 pumps tall, 3 grande, 4 venti). Add extra ice (1.5 x original amount). Extra pump of crème base and double blend. Top with one more pump of white mocha syrup. ",Chocolate Bar Frappuccinos,https://starbuckssecretmenu.net/wp-content/uploads/2015/04/milkybar-frappuccino.jpg
Cocoa Puffs Frappuccino,Vanilla Bean Frappuccino. Add Hazelnut syrup. Add Mocha syrup. Topped with your choice or regular or chocolate whipped cream. ,Cereal Frappuccinos,https://starbuckssecretmenu.net/wp-content/uploads/2013/06/cocoa-puffs-frappuccino.jpg
Apple Pie a la mode Frappuccin,"Apple Juice to the bottom line. Add cinnamon dolce syrup (2 pumps tall, 3 grande, 4 venti). Add Frappuccino crème base. Whipped cream blended in. Line cup with caramel drizzle and top with whip and more caramel drizzle. ",Crème Based Frappuccinos,https://starbuckssecretmenu.net/wp-content/uploads/2015/03/apple-pie-a-la-mode-frappuccino.jpg
Cool Caramel Frappuccino,"Caramel Frappuccino. Add vanilla syrup (1 pump tall, 1.5 grande, 2 venti). Add espresso (1 shot tall, 2 grande and venti). Top with whip and caramel drizzle. ",Coffee/Espresso Frappuccinos,https://starbuckssecretmenu.net/wp-content/uploads/2015/03/cool-caramel-frappuccino.jpg
Ariana Grande Frappuccino,Start with a Vanilla Bean Frappuccino w/ Raspberry Syrup (aka the . ). Add extra mocha syrup. Add extra mocha chips. Blend. Top with extra whipped cream. Finish with a generous caramel drizzle. ,Crème Based Frappuccinos,"https://starbuckssecretmenu.net/wp-content/uploads/2015/02/starbucks-ariana-grande-frappuccino.jpg,https://starbuckssecretmenu.net/wp-content/uploads/2015/02/ariana-grande-frappuccino-buzzfeed.jpg"
Shamrock Frappuccino,"Start with a Vanilla Bean Frappuccino. Add peppermint syrup (1.5 pumps tall, 2 pumps grande, 2.5 pumps venti). Add classic syrup (½ pump tall, 1 pump grande, 1.5 pumps venti). Add matcha powder (2 scoops tall, 2.5 grande, 3 venti). ",Crème Based Frappuccinos,https://starbuckssecretmenu.net/wp-content/uploads/2014/03/shamrock-frappuccino.jpg
Thin Mint Frappuccino,"Tazo Green Tea Creme Frappuccino. Add java chips. Add or top with mocha sryup (1 pump tall, 2 pumps grande, 3 pumps venti). Add peppermint syrup (1 pump tall, 1.5 pumps grande, 2 pumps venti). ",Cookie Frappuccinos,https://starbuckssecretmenu.net/wp-content/uploads/2012/09/thin-mint-frappuccino1.jpg
Tropical Berry Swirl Frappuccino,Vanilla Bean Frappuccino made with coconut milk. Add blueberries. Add blackberries.  Add java chips.  . ,Crème Based Frappuccinos,"https://starbuckssecretmenu.net/wp-content/uploads/2015/02/tropical-berry-swirl-frappuccino.jpg,https://starbuckssecretmenu.net/wp-content/uploads/2018/07/Starbucks-Dragonfruit-Frappuccino-218x150.jpg,https://starbuckssecretmenu.net/wp-content/uploads/2018/03/Starbucks-Crystal-Ball-Frappuccino-featured-218x150.jpg,https://starbuckssecretmenu.net/wp-content/uploads/2018/01/Stardust-Frappuccino-1-218x150.jpg,https://starbuckssecretmenu.net/wp-content/uploads/2016/01/starbucks-secret-menu-superfruit-tea-218x150.jpg,https://starbuckssecretmenu.net/wp-content/uploads/2015/09/Starbucks-Strawberry-Sunset-Refresher-218x150.jpg,https://starbuckssecretmenu.net/wp-content/uploads/2015/09/starbucks-apple-berry-juice-freeze-218x150.jpg,https://starbuckssecretmenu.net/wp-content/uploads/2015/08/Starbucks-Berry-Vanilla-Smoothie-218x150.jpg,https://starbuckssecretmenu.net/wp-content/uploads/2015/08/starbucks-mango-frappuccino-218x150.jpg,https://starbuckssecretmenu.net/wp-content/uploads/2015/07/starbucks-strawberry-limeade-218x150.jpg"
Green Vanilla Frappuccino,"Vanilla Bean Frappuccino. Add matcha powder (1 scoop tall, 1.5 grande, 2.5 venti). ",Crème Based Frappuccinos,https://starbuckssecretmenu.net/wp-content/uploads/2015/03/green-vanilla-frappuccino.jpg
Caramel Pick-Me-Up Frappuccino,"Vanilla Bean Frapuccino. Add caramel syrup (1 pump tall, 2 grande, 3 venti). Caramel walls. Add ristretto shots (1 tall, 2 grande and 3 venti). Top with whipped cream and caramel drizzle. ",Coffee/Espresso Frappuccinos,https://starbuckssecretmenu.net/wp-content/uploads/2015/03/caramel-pick-me-up-frappuccino.jpg
Marshmallow Crème Frappuccino,"Vanilla Bean Frappuccino. Add white mocha syrup (3 pumps tall, 3.5 grande, 4 venti). Add vanilla syrup (1 pump for a tall, 1.5 for a grande, 2 for a venti). ",Candy Frappuccinos,https://starbuckssecretmenu.net/wp-content/uploads/2015/03/marshmallow-creme-frappuccino.jpg
Passion Tea Frappuccino,Milk to the bottom black line. Passion tea to the middle black line. Ice. 3 Pumps classic syrup. Add creme base. Blend and top with whipped cream.  . ,Crème Based Frappuccinos,"https://starbuckssecretmenu.net/wp-content/uploads/2015/02/passion-tea-frappuccino.jpg,https://starbuckssecretmenu.net/wp-content/uploads/2019/04/Starbucks-Rainbow-Refresher-feat-218x150.jpg,https://starbuckssecretmenu.net/wp-content/uploads/2018/07/Starbucks-Dragonfruit-Frappuccino-218x150.jpg,https://starbuckssecretmenu.net/wp-content/uploads/2017/09/Cherry-Blossom-Frappuccino-featured-218x150.jpg,https://starbuckssecretmenu.net/wp-content/uploads/2017/06/Starbucks-Matcha-Lemonade2-218x150.jpg,https://starbuckssecretmenu.net/wp-content/uploads/2017/06/Starbucks-Violet-Drink-218x150.jpg,https://starbuckssecretmenu.net/wp-content/uploads/2017/06/Ombre-Pink-Drink-218x150.jpg,https://starbuckssecretmenu.net/wp-content/uploads/2017/04/Starbucks-Mermaid-Frappuccino-218x150.jpg,https://starbuckssecretmenu.net/wp-content/uploads/2017/04/Starbucks-Dragon-Frappuccino-Collage-218x150.jpg,https://starbuckssecretmenu.net/wp-content/uploads/2017/04/Starbucks-Unicorn-Frappuccino-Collage-218x150.jpg"
Triple Berry Cobbler Frappuccino,"Vanilla Bean Frappuccino. Add white mocha syrup (1 pump tall, 2 grande, 3 venti). Add raspberry syrup (1 pump tall, 2 grande and venti). Add freeze dried blackberries (1 scoop tall, 2 grande, 3 venti). Add blueberries (1 packet tall, 2 grande, 2 venti). Double blend and top with whipped cream. ",Crème Based Frappuccinos,https://starbuckssecretmenu.net/wp-content/uploads/2015/03/triple-berry-cobbler-frappuccino.jpg
Chinese New Year Candy Frappuccino,"Strawberries and Creme Frappuccino. Add classic syrup (½ pump tall, 1 pump grande, 1 ½ pumps venti). Add peppermint syrup (½ pump tall, 1 pump grande, 1 ½ pumps venti). ",Candy Frappuccinos,https://starbuckssecretmenu.net/wp-content/uploads/2015/02/chinese-new-year-candy-frappuccino.jpg
Caramel Candy Frappuccino,"Coffee Frappuccino. Add toffee nut syrup (2 pumps tall, 3 grande, 4 venti). Top with whipped cream and caramel drizzle. ",Candy Frappuccinos,https://starbuckssecretmenu.net/wp-content/uploads/2015/01/caramel-candy-frappuccino.jpg
Chocolate Covered Strawberry Frappuccino,Strawberries and Creme Frappuccino. Add java chips. Top with mocha drizzle. ,Crème Based Frappuccinos,https://starbuckssecretmenu.net/wp-content/uploads/2013/04/chocolate-covered-strawberry-frappuccino.jpg
Dirty Strawberry Frappuccino,Strawberries and creme Frappuccino made with whole milk. Include Creme base syrup.. Add vanilla bean powder. Add java chips. Add white mocha syrup and classic syrup. Add an espresso shot. Blend well with extra ice and top with whip.  mocha drizzle on top and in cup with cinnamon dolce sprinkles. ,Coffee/Espresso Frappuccinos,https://starbuckssecretmenu.net/wp-content/uploads/2015/02/dirty-strawberry-frappuccino.jpg
Raspberry Chocolate Dream Frappuccino,"Vanilla Bean Frappuccino. Add rasbperry syrup (2 pumps tall, 3 grande, 4 venti). Add white mocha sauce (2 pumps tall, 3 grande, 4 venti). Add cinnamon dolce syrup (1 pump tall, 1.5 grande, 2 venti). Add java chips. Top with mocha drizzle and half a pump of raspberry. ",Crème Based Frappuccinos,https://starbuckssecretmenu.net/wp-content/uploads/2015/01/raspberry-chocolate-dream-frappuccino.jpg
Valentine’s Day Frappuccino,"Double Chocolate Chip Frappuccino. Made with white mocha instead of regular mocha. Add raspberry syrup (2 pumps tall, 3 grande, 4 venti). ",Crème Based Frappuccinos,https://starbuckssecretmenu.net/wp-content/uploads/2015/01/valentines-day-frappuccino.jpg
The Pink Starburst Frappuccino,"Lemonade to the bottom line. Add creme base (2 pumps tall, 3 pumps grande, 4 pumps venti). Add Raspberry Syrup (1/2 pump tall, 1 pump grande, 1.5 pumps venti). Add Vanilla Syrup (3 pumps tall, 3.5 pumps grande, 4 pumps venti). Add ice and blend with whipped cream. Top with additional whip and enjoy!. ",Candy Frappuccinos,https://starbuckssecretmenu.net/wp-content/uploads/2013/11/the-pink-starburst.jpg
Candy Cane Frappuccino,"Vanilla Bean Frappuccino. Add peppermint syrup (1 pump tall, 1.5 pumps grande, 2 pumps venti). ",Candy Frappuccinos,https://starbuckssecretmenu.net/wp-content/uploads/2013/11/candy-cane-frappuccino1.jpg
Honeycomb Frappuccino,"Creme base White Mocha Frappuccino. Add honey packets (1 tall, 2 grande, 3 venti). ",Crème Based Frappuccinos,https://starbuckssecretmenu.net/wp-content/uploads/2015/01/the-honeycomb-frappuccino.jpg
Strawberry Shortcake Frappuccino,"Strawberry Juice to the first line of the cup. Milk to the next line. Vanilla Bean Powder (2 scoops tall, 3 grande, 4 venti). White mocha syrup (3 pumps tall, 4 grande, 5 venti). Toffee Nut Syrup (1 pump tall, 2 grande, 3 venti). Creme base, ice and whipped cream blended in!. ",Crème Based Frappuccinos,https://starbuckssecretmenu.net/wp-content/uploads/2014/01/strawberry-shortcake-frappuccino.jpg
The (Dirty) Valentine Frappuccino,Vanilla Bean Frappuccino. Add Strawberry Sauce/Puree. Add java chips. Top with whipped cream and mocha drizzle. Cafe Vanilla Frappuccino. Add Strawberry Sauce/Puree. Add java chips. Top with whipped cream and mocha drizzle. ,Coffee/Espresso Frappuccinos,https://starbuckssecretmenu.net/wp-content/uploads/2014/02/the-dirty-valentine-frappuccino.jpg
Christmas Cookie Frappuccino,"Start with a creme base Frappuccino. Add Peppermint Syrup (1 pump tall, 1.5 pumps grande, 2 pumps venti). Add Toffee Nut Syrup (1 pump tall, 1.5 pumps grande, 2 pumps venti). Top with whipped cream and a raw sugar packet sprinkled on top. Optional: Top with caramel drizzle. ",Cookie Frappuccinos,https://starbuckssecretmenu.net/wp-content/uploads/2013/11/christmas-cookie-frappuccino.jpg
White Chocolate Gingerbread Frappuccino,"Coffee based Gingerbread Frappuccino. Add white mocha sauce (1 pump tall, 1.5 grande, 2 venti). Top with spiced whip, molasses and mocha drizzle. ",Coffee/Espresso Frappuccinos,https://starbuckssecretmenu.net/wp-content/uploads/2014/11/white-chocolate-gingerbread-frappuccino.jpg
Starbucks Franken Frappuccino,Green Tea Frappuccino with. Add peppermint syrup. Add white chocolate sauce. Add java chips. Top whipped cream and mocha drizzle. ,Crème Based Frappuccinos,https://starbuckssecretmenu.net/wp-content/uploads/2014/10/franken-frappuccino.jpg
Cotton Candy Frappuccino,"Vanilla Bean Frappuccino. Add Raspberry Syrup (1 pump tall, 1.5 pumps grande, 2 pumps venti). ",Candy Frappuccinos,https://starbuckssecretmenu.net/wp-content/uploads/2013/05/starbucks-cotton-candy-frappuccino.jpg
Year Round Eggnog Latte,"Chai Latte. Add caramel syrup (1 pump tall, 2 grande, 3 venti). Iced Chai Latte. Add caramel syrup (2 pumps tall, 3 grande, 4 venti). Chai Frappuccino. Add caramel syrup (2 pumps tall, 3 grande, 4 venti). Top with whipped cream and cinnamon dolce sprinkles. ",Crème Based Frappuccinos,https://starbuckssecretmenu.net/wp-content/uploads/2014/11/starbucks-secret-year-round-egg-nog-latte.jpg
Christmas Taste Frappuccino,"Start with a Vanilla Bean Frappuccino or Green Tea Frappuccino. Add peppermint syrup (1.5 pumps tall, 2 pumps grande, 2.5 pumps venti). Add raspberry syrup (1/2 pump tall, 1 pump grande, 1.5 pumps venti).  Blend in a bit of caramel drizzle. Top with whipped cream and cookie crumble. ",Crème Based Frappuccinos,https://starbuckssecretmenu.net/wp-content/uploads/2013/12/christmas-taste-frappuccino1.jpg
Gingerbread Nog Frappuccino,"Eggnog Frappuccino without coffee. Made with eggnog instead of milk. Add gingerbread syrup (1 pump tall, 2 grande, 3 venti). ",Crème Based Frappuccinos,https://starbuckssecretmenu.net/wp-content/uploads/2014/12/gingerbread-nog-frappuccino.jpg
White Christmas Frappuccino,"Vanilla Bean Frappuccino. Add white mocha syrup (1 pump tall, 2 grande, 3 venti). Add peppermint syrup (1 pump tall, 2 grande, 3 venti). Top with whipped cream and peppermint mocha curls. ",Crème Based Frappuccinos,https://starbuckssecretmenu.net/wp-content/uploads/2014/12/white-christmas-frappuccino.jpg
Wing Nut Frappuccino,Creme base Frappuccino (also goes well with coffee base). Add 2 pumps of peppermint syrup. Add 2 pumps of toffee nut syrup. Add 2 pumps of cinnamon dolce syrup. 1/2 sample cup of caramel sauce. 3 shakes of sea salt topping (easy on the shakes so it doesn’t get too salty). Blend with a little extra ice. Top with whipped cream and cinnamon dolce sprinkles. ,Crème Based Frappuccinos,https://starbuckssecretmenu.net/wp-content/uploads/2014/12/wing-nut-frappuccino.jpg
Mudslide Cookie Frappuccino,"Mocha Frappuccino. Add chestnut praline syrup (1 pump tall, 2 grande, 3 venti).  Add java chips. Top with mocha syrup. ",Cookie Frappuccinos,https://starbuckssecretmenu.net/wp-content/uploads/2014/11/mudslide-cookie-frappuccino.jpg
Nesquick Frappuccino,"Vanilla Bean Frappuccino. Add mocha syrup (1 pump tall, 2 for grande or venti). Add hazelnut syrup (1 pump tall, 2 for grande or venti). ",Cereal Frappuccinos,https://starbuckssecretmenu.net/wp-content/uploads/2014/08/nesquick-frappuccino.jpg
Pumpkin Pie Frappuccino,"Creme based Pumpkin Spice Frappuccino. Add Cinnamon Dolce Syrup (1 pump for a tall, 2 for grande, 3 for venti). Add Cinnamon Dolce Sprinkles. Whipped cream blended in. Top with more whipped cream and Cinnamon Dolce Sprinkles!. ",Crème Based Frappuccinos,https://starbuckssecretmenu.net/wp-content/uploads/2013/09/pumpkin-pie-frappuccino1.jpg
Fruity Pebbles Frappuccino,"Start with a Strawberries and Creme Frappuccino. Add Vanilla Syrup (2 pumps tall, 2.5 pumps grande, 3 pumps venti). Add Raspberry Syrup (1/2 pump tall, 1 pump grande, 1.5 pumps venti). Add Classic Syrup (1/2 pump tall, 1 pump grande, 1.5 pumps venti).  Have the Barista throw in a bit of orange mango juice as well for extra fruit flavour. ",Cereal Frappuccinos,https://starbuckssecretmenu.net/wp-content/uploads/2013/01/fruity-pebbles-frappuccino2.jpg
Cinnamon Roll Frappuccino,"Vanilla Bean Frappuccino. Add white mocha syrup (1 pump for a tall, 2 for grande, 3 for venti). Add cinnamon dolce syrup (1 pump for a tall, 2 for grande, 3 for venti). Top with cinnamon dolce powder. ",Crème Based Frappuccinos,https://starbuckssecretmenu.net/wp-content/uploads/2013/10/cinnamon-roll-frappuccino.jpg
OMG Brownie! Frappuccino,Coffee based Frappuccino. Blend in a Double Chocolate Chunk Brownie. Add 1.5 pumps of white mocha syrup. Add 1.5 pumps of toffee nut syrup. Top with whip (regular or chocolate) and cookie crumble. ,Coffee/Espresso Frappuccinos,https://starbuckssecretmenu.net/wp-content/uploads/2014/08/omg-brownie-frappuccino.jpg
Mix and Match Frappuccino,"Half Vanilla Bean, Half Double Chocolate Chip Frappuccino. Add Caramel Syrup (1 pump for tall, 2 pumps for grande, 3 pumps for venti). Line the cup with caramel. Top with whipped cream and caramel and chocolate drizzle. ",Crème Based Frappuccinos,https://starbuckssecretmenu.net/wp-content/uploads/2013/08/mix-and-match-frappuccino1.jpg
Strawberry Cheesecake Frappuccino,"Strawberries and milk to the bottom line. Add creme base (2 pumps tall, 3 grande, 4 venti). Add vanilla bean powder (1 scoop tall, 2 grande, 3 venti). Add white mocha syrup (2 pumps tall, 3 grande, 4 venti). Add cinnamon dolce syrup (1 pump tall, 2 grande, 3 venti). ",Crème Based Frappuccinos,https://starbuckssecretmenu.net/wp-content/uploads/2014/08/strawberry-cheesecake-frappuccino.jpg
Perfect Pumpkin Frappuccino,"Pumpkin Spice Frappuccino. Add vanilla bean powder (2 scoops tall, 3 grande, 4 venti).  Caramel drizzle around the inside of the cup. Top with whipped cream, pumpkin spice topping and more caramel drizzle. ",Pumpkin Frappuccinos,https://starbuckssecretmenu.net/wp-content/uploads/2014/09/perfect-pumpkin-frappuccino.jpg
Fall Mashup Frappuccino," Vanilla Bean Frappuccino. Add pumpkin spice sauce (1 pump tall and grande, 2 pumps venti). Add toffee nut syrup (½ pump tall, 1 grande, 1.5 venti). Top with whip, caramel drizzle, mocha syrup and sea salt. ",Pumpkin Frappuccinos,https://starbuckssecretmenu.net/wp-content/uploads/2014/09/The-Fall-Mashup-Frappuccino.jpg
Ferrero Rocher Frappuccino,"Double Chocolate Chip Frappuccino or Java Chip Frappuccino if preferred. Add Mocha Syrup (2 pumps for a tall, 3 for a grande, 3.5 for a venti). Add Hazelnut Syrup ( 1 pump for a tall, 1.5 for a grande, 2 for a venti). Add Hazelnut drizzle. Top with whipped cream. Add nutmeg powder. Add mocha drizzle. ",Chocolate Bar Frappuccinos,https://starbuckssecretmenu.net/wp-content/uploads/2013/08/ferrero-rocher-frappuccino1.jpg
Cookie Dough Frappuccino,"Cinnamon Dolce Creme Frappuccino. Add mocha syrup (1 pump tall, 2 pumps grande, 3 pumps venti). Java chips blended in. Top with cookie crumble and chocolate whip. ",Cookie Frappuccinos,https://starbuckssecretmenu.net/wp-content/uploads/2014/03/cook-dough-frappuccino.jpg
Kit Kat Frappuccino,"Vanilla Bean Frappuccino. Mocha Drizzle on the inside of the cup. Java chips blended in. Top with whipped cream, mocha sauce and cookie crumbles. ",Chocolate Bar Frappuccinos,https://starbuckssecretmenu.net/wp-content/uploads/2014/06/kit-kat-frappuccino1.jpeg
Chocolate Cream Frappuccino,"Mocha Sauce (3 pumps tall, 4 pumps grande, 6 pumps venti). Whole Milk. Ice. Top with whipped cream and mocha drizzle if desired. ",Crème Based Frappuccinos,https://starbuckssecretmenu.net/wp-content/uploads/2012/08/chocolate-cream-frappuccino2.jpg
Honey Nut Cheerios Frappuccino,"Add honey packets (1 for tall, 2 grande, 3 venti). Add java chips. Top with whipped cream, honey drizzle and caramel ribbon crunch topping. ",Cereal Frappuccinos,https://starbuckssecretmenu.net/wp-content/uploads/2014/06/honey-nut-cheerios-frappuccino.jpg
White Chocolate Macadamia Nut Frappuccino,"White Mocha Frappuccino. Add Toffee Nut Syrup (2 pumps tall, 3 grande, 4 venti). Add Java Chips.  Top with caramel drizzle for extra sweetness. ",Coffee/Espresso Frappuccinos,https://starbuckssecretmenu.net/wp-content/uploads/2014/05/white-chocolate-macadamia-nut-frappuccino.jpg
Razzle Dazzle Frappuccino,"Start with a White Chocolate Creme Frappuccino. Add raspberry syrup (1 pump tall, 1.5 grande, 2 venti). Add dried blackberries (1 scoop tall, 2 grande and venti). Top with whipped cream and java chips or chocolate curls. ",Candy Frappuccinos,https://starbuckssecretmenu.net/wp-content/uploads/2014/06/razzle-dazzle-frappuccino.jpg
Peppermint Pattie Frappuccino,"Start with a Vanilla Bean Frappuccino. Add java chips. Add peppermint syrup (1.5 pumps tall, 2.5 grande, 3.5 venti). Lightly coat the sides of the cup with mocha drizzle. Top with whip and more mocha drizzle. ",Chocolate Bar Frappuccinos,https://starbuckssecretmenu.net/wp-content/uploads/2014/06/peppermint-pattie-frappuccino.jpg
Green Dream Frappuccino,"Start with orange mango juice to the bottom line. Add matcha green tea powder (2 scoops tall, 3 grande, 4 venti). Add protein (1 scoop tall, 1.5 grande, 2 venti).  Add sweetener if desired. Add ice and lightly blend. ",Crème Based Frappuccinos,https://starbuckssecretmenu.net/wp-content/uploads/2014/07/starbucks-green-dream-frappuccino.jpg
Almond Roca Frappuccino,"Start with a Vanilla Bean Frappuccino. Add toffee nut syrup ( 2 pumps tall, 3 grande, 4 venti). Caramel walls on the cup. Top with whipped cream and mocha drizzle. ",Chocolate Bar Frappuccinos,https://starbuckssecretmenu.net/wp-content/uploads/2014/06/almond-roca-frappuccino.jpg
Red Tuxedo/Red Velvet Frappuccino,"Half White Mocha/Half regular Mocha Frappuccino. Add raspberry syrup (1 pump tall, 2 grande, 3 venti). Blend and top with whipped cream!. ",Coffee/Espresso Frappuccinos,https://starbuckssecretmenu.net/wp-content/uploads/2012/12/red-tuxedo-red-velvet-frappuccino.jpg
Butterbeer Frappuccino, Line cup with caramel drizzle. Ask for a Creme Frappuccino base. Don’t skimp on the fat by asking for skim or 2% milk as whole milk is required for the right consistency. Add 3 pumps of caramel syrup. Add 3 pumps of toffee nut syrup. Top with caramel drizzle. ,Crème Based Frappuccinos,"https://starbuckssecretmenu.net/wp-content/uploads/2012/12/butterbeer-frappuccino-262x350.jpg,https://starbuckssecretmenu.net/wp-content/uploads/2014/04/Butterbeer-Frappuccino-Starbucks.jpg"
S’mores Frappuccino,Java Chip Frappuccino (or double chocolate chip if preferred). 1 pump of Cinnamon Dolce syrup. 1 pump of Toffee Nut syrup. Whipped cream blended in. Top with whipped cream and Cinnamon Dolce sprinkles. ,Crème Based Frappuccinos,https://starbuckssecretmenu.net/wp-content/uploads/2013/05/starbucks-smores-frappuccino.jpg
Caramel Cookie Bar Frappuccino,"Caramel Frappuccino. Add hazelnut syrup (1 pump for a tall, 1.5 pumps for grande, 2 pumps for venti). Add java chips. Whip cream blended in. Coat the cup with caramel sauce. Top with mocha drizzle. ",Chocolate Bar Frappuccinos,https://starbuckssecretmenu.net/wp-content/uploads/2012/12/twix-frappuccino1-466x350.jpg
Lemonades Cookie Frappuccino,"Lemonade to the first line. Milk to second line. Add White Mocha Syrup (2 pumps for tall, 3 grande, 4 venti). Add Hazelnut Syrup (1 pump tall and grande, 2 venti). Add Cream base (no coffee). Top with whipped cream and if desired, put vanilla drizzle on top. ",Cookie Frappuccinos,https://starbuckssecretmenu.net/wp-content/uploads/2014/03/lemonade-cookie-frappuccino.jpg
Green Safari Frappuccino,"Green Tea Frappuccino. Add Hazelnut syrup (1.5 tall, 3 grande, 4 venti ). Add Caramel syrup (1 tall, 1.5 grande, 2 venti). Add Java chips. optional : Top with whip cream and caramel drizzle. ",Crème Based Frappuccinos,https://starbuckssecretmenu.net/wp-content/uploads/2013/07/green-safari-frappuccino.png
Peppermint Chocolate Chip Frappuccino,"Vanilla Bean Frappuccino. Add peppermint syrup (1 pump tall, 1.5 grande, 2 venti). Add Java Chips (3 scoops tall, 4 grande, 5 venti). ",Crème Based Frappuccinos,https://starbuckssecretmenu.net/wp-content/uploads/2013/06/peppermint-chocolate-chip-frappuccino1.jpg
Chocolate Covered Raspberry Frappuccino,"Vanilla bean Frappuccino (creme based). Add java chips. Add raspberry syrup (2 pumps tall, 3 pumps grande and venti). Line the inside of the cup with mocha sauce. Top with raspberry whip and mocha drizzle. ",Crème Based Frappuccinos,https://starbuckssecretmenu.net/wp-content/uploads/2014/02/chocolate-covered-raspberry-frappuccino.jpg
Caramel Mocha Chip Frappuccino,"Double Chocolate Chip Frappuccino. Add bittersweet mocha sauce (1 pump tall, 2 pumps grande, 3 pumps venti). Line the cup with caramel drizzle. Top with Chocolate whipped cream, Caramel drizzle and Cookie crumbs. ",Coffee/Espresso Frappuccinos,https://starbuckssecretmenu.net/wp-content/uploads/2014/02/caramel-mocha-chip-frappuccino.jpg
Horchata Frappuccino,"Tazo Chai Creme Frappuccino. Add Vanilla Syrup (1/2 pump tall, 1 grande, 1.5 venti). Add Cinnamon Dolce Syrup (1 pump tall, 2 grande, 3  venti). Add Chai Syrup (2 pump tall, 3 grande, 4 venti). Cinnamon dusted on top. ",Crème Based Frappuccinos,https://starbuckssecretmenu.net/wp-content/uploads/2013/05/horchata-frappuccino2.jpg
Chocolate Power Shake Frappuccino,Start with a Venti Java Chip Frappucino. Made with soy milk. Add 1 banana. Add 1 scoop of whey protein powder. No whip. ,Crème Based Frappuccinos,https://starbuckssecretmenu.net/wp-content/uploads/2014/02/chocolate-power-shake-frappuccino.jpg
Snow Cream Frappuccino,Vanilla Bean Frappuccino. Made with Vanilla Syrup instead of Vanilla Bean Powder. : Add a splash of lemonade for extra fun. ,Crème Based Frappuccinos,https://starbuckssecretmenu.net/wp-content/uploads/2014/02/snow-cream-frappuccino.jpg
The Pink Rocket,"Fill to the first line with lemonade. Fill to the second line with lime refresher. Add classic syrup (2 pumps tall, 3 pumps grande, 4 pumps venti). Add creme base (2 pumps tall, 3 pumps grande, 4 pumps venti). Add raspberry syrup (½ pump tall, 1 pump grande, 1.5 pumps venti). Light ice, and double blend!. ",Crème Based Frappuccinos,https://starbuckssecretmenu.net/wp-content/uploads/2014/01/the-pink-rocket.jpg
Cadbury Egg Frappuccino,"Java Chip Frappuccino. Add Frappuccino Roast (1 pump tall, 2 grande, 3 venti). Add Vanilla syrup (1 pump for a tall, 1.5 pumps for a grande, 2 pumps for a venti). Add Caramel syrup (1/2 pump for a tall and grande, 1 pump for a venti). Add vanilla bean powder (2 scoops for a tall, 3 scoops for a grande and 4 scoops for a venti). ",Chocolate Bar Frappuccinos,https://starbuckssecretmenu.net/wp-content/uploads/2013/08/cadbury-egg-frappuccino1.jpg
Tiramisu Frappuccino,"Start with a Coffee Frappuccino. Add ½ pump hazelnut syrup. Add ½ pump toffeenut syrup. Add 1 pump caramel flan syrup (or 1 caramel, 1 vanilla). Add 1 pump mocha syrup. Add 1 espresso shot affogato. Top with caramel whipped cream, caramel flan sauce, and mocha drizzle. ",Coffee/Espresso Frappuccinos,https://starbuckssecretmenu.net/wp-content/uploads/2014/01/tiramisu-frappuccino.jpg
Strawberry Cookie Crumble Frappuccino,"Strawberries and Creme Frappuccino. Add extra strawberry juice. Add java chips. Top with chocolate whipped cream, mocha drizzle and cookie crumble topping. ",Cookie Frappuccinos,https://starbuckssecretmenu.net/wp-content/uploads/2013/09/strawberry-cookie-crumble-frappuccino.jpg
Cake Batter Frappuccino/Birthday Cake Frappuccino,"Vanilla Bean Frappuccino. Add Hazelnut Syrup (1 pump tall, 1.5 pumps grande, 2 pumps venti). Blend a Birthday Cake Pop into a Vanilla Bean Frappuccino for a Birthday Cake Frappuccino!. ",Crème Based Frappuccinos,https://starbuckssecretmenu.net/wp-content/uploads/2012/08/cake-batter-frappuccino1.jpg
Taste of October Frappuccino,"Pumpkin Spice Frappuccino. Add Cinnamon Dolce Syrup (1 pump tall, 1.5 pumps grande, 2 pumps venti). Add Hazelnut Syrup (1 pump tall, 1.5 pumps grande, 2 pumps venti). Whipped Cream blended in. Top with additional whipped cream and caramel drizzle. ",Pumpkin Frappuccinos,https://starbuckssecretmenu.net/wp-content/uploads/2013/10/taste-of-october-frappuccino.jpg
Willy Wonka Frappuccino,"Start with a Double Chocolate Chip Frappuccino. Add extra java chips. Add extra mocha syrup (1 pump tall, 1.5 pumps grande, 2 pumps venti). Add hazelnut syrup (1 pump tall, 1.5 pumps grande, 2 pumps venti). Top with regular or chocolate whipped cream and mocha drizzle. ",Chocolate Bar Frappuccinos,https://starbuckssecretmenu.net/wp-content/uploads/2013/10/willy-wonka-frappuccino.jpg
Red Candy Apple Frappuccino,"Start with apple juice to the bottom line of the cup. Add Raspberry Syrup (1.5 tall, 2 grande, 2.5 venti). Add Classic Syrup (2 tall, 3 grande, 4 venti). Add scoop of ice and blend. Top with a little whip and a pump of caramel drizzle. ",Candy Frappuccinos,https://starbuckssecretmenu.net/wp-content/uploads/2013/10/red-candy-apple-frappuccino.jpg
Captain Crunch aka Cap’n Crunch Frappuccino,"Strawberries and Creme Frappuccino. Add caramel syrup (1/2 pump for a tall, 1 pump for grande, 1.5 pumps for venti). Add toffee syrup (1 pump tall, 1.5 pumps grande, 2 pumps venti). Add hazelnut syrup (1/2 pump for a tall, 1 pump for grande, 1.5 pumps for venti). Optional: Add java chips if you want some crunch. ",Cereal Frappuccinos,https://starbuckssecretmenu.net/wp-content/uploads/2012/08/captain-crunch-frappuccino-318x350.jpg
Neapolitan Frappuccino,"Strawberries and Cream Frappuccino. Add a scoop of vanilla bean powder (1.5 scoops for a venti). Add mocha syrup (1 pump for a tall, 2 pump for a grande, 3 for venti). Top with chocolate drizzle and chocolate whipped cream. ",Crème Based Frappuccinos,https://starbuckssecretmenu.net/wp-content/uploads/2012/10/neopolitan-frappuccino-262x350.jpg
Barbie Pink Frappuccino,"Milk to first line and into the pitcher. Add 2 pumps of Toffee Nut syrup (1.5 pumps of syrup for Tall, and 2.5 for Venti). Add 2 pumps Raspberry syrup (1.5 pumps of syrup for Tall, and 2.5 for Venti). Ice. Add 3 pumps of Creme base (Use the standard for Creme base if changing sizes). Blend!. ",Crème Based Frappuccinos,https://starbuckssecretmenu.net/wp-content/uploads/2013/08/barbie-pink-frappuccino1.jpg
Pistachio Ice Cream Frappuccino,"Green Tea Frappuccino. No classic syrup. Add Hazelnut syrup (1 pump tall, 2 pumps grande, 3 for venti). Add Toffee Nut syrup (1 pump tall, 2 pumps grande, 3 for venti). ",Crème Based Frappuccinos,https://starbuckssecretmenu.net/wp-content/uploads/2013/08/pistachio-ice-cream-frappuccino1.jpg
Virgin Margarita Frappuccino,Pour cool lime to the first line.. Lemonade to the second line. Grande scoop of ice. 2 pumps of classic syrup.. 3 pumps of the Frappuccino creme base.. Blend. ,Crème Based Frappuccinos,https://starbuckssecretmenu.net/wp-content/uploads/2013/09/virgin-margarita-frappuccino.jpg
Vanilla Rooibos Frappuccino,"Vanilla Frappuccino. Add caramel syrup (2 pumps for a tall, 3 pumps for a grande, 4 pumps for a venti). Blend in berries. Caramel drizzle around the cup. Top with whipped cream. ",Crème Based Frappuccinos,https://starbuckssecretmenu.net/wp-content/uploads/2013/08/vanilla-rooibos-frappuccino1.jpg
Chocolate Chip Brownie Frappuccino,Start with a Vanilla Bean Frappuccino. Add Java Chips. Add Mocha Syrup. Top with Whipped Cream and chocolate drizzle. ,Crème Based Frappuccinos,https://starbuckssecretmenu.net/wp-content/uploads/2013/07/chocolate-chip-brownie-frappuccino1.jpg
Peach Cobbler Frappuccino,"Vanilla Bean Frappuccino. 2 pumps of peach syrup (3 for a grande, 4 for venti). 1 pump of cinnamon dolce syrup (1.5 for grande, 2 for venti). Blend in whipped cream. Top with more whip and cinnamon dolce topping. ",Crème Based Frappuccinos,https://starbuckssecretmenu.net/wp-content/uploads/2013/08/peach-cobbler-frappuccino1.jpg
Caramel Nut Crunch Frappuccino,"Vanilla Bean Frappuccino. Add Caramel Syrup (1 pump for tall, 2 pumps for grande, 3 for venti). Add Toffee nut syrup (1 pump for tall, 2 pumps for grande, 3 for venti). Add Crunch bits use in the Caramel Ribbon Crunch Frappuccino to the bottom of the cup before adding blended beverage in. Top with whipped cream, caramel drizzle and more crunch bits. ",Crème Based Frappuccinos,https://starbuckssecretmenu.net/wp-content/uploads/2013/08/caramel-nut-crunch-frappuccino1.jpg
Nutter Butter Frappuccino,"Hazelnut Frappucino. Add toffee nut syrup (2 pumps grande, 3 venti). Add cinnamon dolce syrup (2 pumps grande, 3 venti). Blend in a whole banana. Top with whipped cream. ",Cookie Frappuccinos,https://starbuckssecretmenu.net/wp-content/uploads/2013/08/nutter-butter-frappuccino1.jpg
Butterscotch Frappuccino,"Creme Base. Add Pumpkin Spice Sauce (1 for tall, 2 grande, 3 for venti).  .  .  .  . Top with whipped cream and caramel drizzle. ",Crème Based Frappuccinos,https://starbuckssecretmenu.net/wp-content/uploads/2013/09/butterscotch-frappuccino2.jpg
Lemon Cake Frappuccino,"Half lemonade, half whole milk to the first line. (For die-hard lemon lovers, ask for more lemonade than milk.). Scoop of vanilla bean powder (1 for tall and grande, 2 for venti). Add creme base. Add white mocha syrup (2 pumps tall, 3 pumps grande, 4 pumps venti). Blend in a Lemon Cake Pop. ",Crème Based Frappuccinos,https://starbuckssecretmenu.net/wp-content/uploads/2013/12/lemon-cake-frappuccino.jpg
Caramel Apple Spice Frappuccino,"Fill to the first line with whole milk. Fill to the second line with apple juice. Add Cinnamon Dolce syrup (2 tall, 3 grande, 4 venti). Top with whipped cream and caramel sauce. ",Crème Based Frappuccinos,https://starbuckssecretmenu.net/wp-content/uploads/2013/10/caramel-apple-spice-frappuccino.jpg
Coffee Cake Frappuccino,"Start with a Coffee Frappuccino. Add Cinnamon Dolce Syrup (1 pump tall, 2 pumps grande, 3 pumps venti). Add Toffee Nut Syrup (1 pump tall, 2 pumps grande, 3 pumps venti).  Add Vanilla Syrup (1/2 pump tall and grande, 1 pump venti). Top with whipped cream and cinnamon dolce topping. ",Coffee/Espresso Frappuccinos,https://starbuckssecretmenu.net/wp-content/uploads/2013/11/coffee-cake-frappuccino.jpg
Fall in a Cup Latte or Frappuccino,"Pumpkin Spice Latte. Add Caramel syrup (1.5 pumps for tall, 2 pumps for grande, 2.5 pumps for venti, 3 pumps for a cold venti). Add Chai Syrup ( 1 pump for tall, 1.5 pumps for grande, 2 pumps for venti, 2.5 for cold venti). Top with whipped cream, pumpkin powder and caramel drizzle. Pumpkin Spice Frappuccino. Add Caramel Syrup (1.5 pumps for tall, 2 pumps grande, 3 pumps venti). Add Chai Syrup (1 pump tall, 1.5 pumps grande, 2 pumps venti). Top with whipped cream, pumpkin powder and caramel drizzle. ",Pumpkin Frappuccinos,https://starbuckssecretmenu.net/wp-content/uploads/2013/09/fall-in-a-cup1.jpg
Bananas Foster Frappuccino,"Vanilla Bean Frappuccino. Add a banana. Add caramel syrup (2 pumps for grande, 3 for venti). Line the cup with caramel drizzle. Top with whip and caramel drizzle. ",Crème Based Frappuccinos,https://starbuckssecretmenu.net/wp-content/uploads/2013/12/bananas-foster-frappuccino1.jpg
Banana Chocolate Chip Frappuccino,"Vanilla Bean Frappuccino. Whole Banana blended in. Add java chips (1 scoop for a tall, 2 for grande, 3 for venti). Top with chocolate or regular whipped cream. ",Crème Based Frappuccinos,https://starbuckssecretmenu.net/wp-content/uploads/2013/07/banana-chocolate-chip-frappuccino1.jpg
Skinny Mint,"Green Tea Frappuccino with soy. Sweetened with splenda. Add peppermint syrup (1 pump for a tall, 1.5 for a grande, 2 pumps for a venti). ",Crème Based Frappuccinos,https://starbuckssecretmenu.net/wp-content/uploads/2013/07/skinny-mint-frappuccino.jpg
Peaches and Cream Frappuccino,"Vanilla Bean Frappuccino. Add peach syrup (1 pump for a tall, 2 for a grande, 3 for a venti). ",Crème Based Frappuccinos,https://starbuckssecretmenu.net/wp-content/uploads/2013/07/peaches-and-cream-frappuccino.jpg
Butter Pecan Ice Cream Frappuccino,"Have heavy whipping cream blended in instead of whole milk. Add hazelnut syrup (1 pump for a tall, 2 for a grande, 3 for a venti). ",Crème Based Frappuccinos,https://starbuckssecretmenu.net/wp-content/uploads/2013/07/butter-pecan-ice-cream-frappuccino1.jpg
Swamp Monster,Green Tea Frappuccino. Add Java Chips. Top with Caramel Drizzle and Cookie Crumble. ,Crème Based Frappuccinos,https://starbuckssecretmenu.net/wp-content/uploads/2013/07/swamp-monster-frappuccino1.jpg
Strawberry Express,"Strawberries and Creme Frappuccino. Add Frappuccino Roast (1 pump tall, 2 grande, 3 venti). Add extra Strawberry flavoring. ",Coffee/Espresso Frappuccinos,https://starbuckssecretmenu.net/wp-content/uploads/2013/07/strawberry-express-frappuccino1.jpg
Cookie Crisp Frappuccino,Soy milk with a crème base. Add 3 pumps of hazelnut syrup (or sugar free hazelnut if you prefer). Add 3 pumps of toffee nut syrup. Add java chips. Blend with ice and top with whipped cream. ,Cereal Frappuccinos,https://starbuckssecretmenu.net/wp-content/uploads/2013/07/cookie-crisp-frappuccino1.jpg
Black Forest Cake Frappuccino,"Mocha Cookie Crumble Frappuccino. Add Raspberry syrup instead of vanilla syrup (1.5 pumps for a tall, 2 pumps for a grande, 2.5 for a venti). ",Crème Based Frappuccinos,https://starbuckssecretmenu.net/wp-content/uploads/2013/07/black-forest-cake-frappuccino.jpg
Valencia Creme Frappuccino,Valencia Orange Refresher. Blended with Vanilla Bean Frappuccino Base. ,Crème Based Frappuccinos,https://starbuckssecretmenu.net/wp-content/uploads/2013/07/valencia-creme-frappuccino.jpg
Rainbow Sherbet Frappuccino,Strawberries and Creme Frappuccino made with orange refresher instead of strawberry purée. Add one pump of Peach Syrup. Add one pump of Raspberry Syrup. One scoop of Vanilla Bean Powder. Three pumps of Crème Base. Add ice and blend. ,Crème Based Frappuccinos,https://starbuckssecretmenu.net/wp-content/uploads/2013/07/rainbow-sherbet-frappuccino2.jpg
Cookies and Cream/Oreo Frappuccino,Double Chocolate Chip Frappuccino. Blended with white mocha sauce instead of regular mocha. Top with your choice of chocolate or regular whipped cream. Vanilla Bean Frappuccino. Java chips blended in. Top with mocha syrup or cookie crumbles or both!. ,Cookie Frappuccinos,https://starbuckssecretmenu.net/wp-content/uploads/2012/09/oreo-frappuccino.jpg
The Bomb! Frappuccino,"Order heavy whipping cream (not whipped cream) blended with only cream base and ice. Have the barista add 3 pumps of caramel sauce to the bottom of the cup, then pour the blend into the cup and add a shot of espresso. Top with whipped cream and crumble topping. ",Coffee/Espresso Frappuccinos,https://starbuckssecretmenu.net/wp-content/uploads/2013/06/the-bomb-frappuccino.jpg
Ginger Snap Frappuccino,Chai Creme Frappuccino. Caramel Drizzle in the cup. Add Java Chips. Top with dark caramel sauce (or regular caramel if dark unavailable). ,Crème Based Frappuccinos,https://starbuckssecretmenu.net/wp-content/uploads/2013/06/starbucks-ginger-snap-frappuccino.jpg
Gingerbread House Frappuccino,"Caramel Ribbon Crunch Frappuccino. Made without the caramel syrup. Add white mocha syrup (1 pump for a tall, 2 for a grande/venti or 3 pumps if you prefer extra sweet). Add chai syrup (1 pump for a tall, 2 for a grande/venti or 3 pumps if you prefer extra sweet). ",Crème Based Frappuccinos,https://starbuckssecretmenu.net/wp-content/uploads/2013/06/gingerbread-house-frappuccino1.jpg
Buttered Popcorn Frappuccino,Tall Toffee Nut Cream Frappuccino. 1 & 1/4 pack of salt. ,Crème Based Frappuccinos,https://starbuckssecretmenu.net/wp-content/uploads/2013/06/buttered-popcorn-frappuccino1.jpg
Caramel Apple Frappuccino,"Apple Juice to the first line, whole milk to the second line. 3 pumps of cinnamon dolce syrup. 3 pumps of Cream Base. 2 Pumps Dark Caramel (or regular caramel). Top with Whipped Cream, Caramel Ribbon Crunch, Caramel Drizzle and Cinnamon Dolce topping. ",Crème Based Frappuccinos,https://starbuckssecretmenu.net/wp-content/uploads/2013/06/caramel-apple-frappuccino.jpg
Key Lime Pie Frappuccino,Start with Cool Lime juice to the bottom black line. Whole milk to the second black line. 2 pumps white mocha. 2 pumps vanilla syrup. 1 pump of cinnamon dolce syrup. Whipped cream blended in. Top with whipped cream and toasted coconut if available. ,Crème Based Frappuccinos,https://starbuckssecretmenu.net/wp-content/uploads/2013/07/key-lime-pie-frappuccino.jpg
Peppermint Pow Frappuccino,"Nonfat Vanilla Bean Frappuccino. Add peppermint syrup (1 pump for a tall, 2 for grande, 3 for venti). 2 scoops of matcha green tea for tall, 2.5 for grande, 3 for venti. Top with whipped cream if desired. ",Crème Based Frappuccinos,https://starbuckssecretmenu.net/wp-content/uploads/2013/07/starbucks-peppermint-pow-frappuccino.jpg
Mint White Chocolate Crumble Frappuccino,White Mocha Frappuccino. Add java chips. Add 2 pumps of peppermint syrup. Add 1 scoop of matcha green tea powder. Top with whipped cream and cookie crumbles. ,Coffee/Espresso Frappuccinos,https://starbuckssecretmenu.net/wp-content/uploads/2013/07/starbucks-mint-white-chocolate-crumble-frappuccino.jpg
Peach Raspberry Crisp Frappuccino,"Vanilla Bean Frappuccino. Add raspberry syrup, 1 pump tall, 1.5 grande, 2 for venti. Add peach syrup, , 1 pump tall, 1.5 grande, 2 for venti. Top with whipped cream. ",Crème Based Frappuccinos,https://starbuckssecretmenu.net/wp-content/uploads/2013/07/peach-raspberry-crisp-frappuccino.jpg
Nutella Frappuccino,Regular coffee frappuccino. 2 pumps of mocha syrup. 1 pump of hazelnut syrup. whipped cream blended in. Top with whipped cream! Caramel drizzle is optional. ,Coffee/Espresso Frappuccinos,https://starbuckssecretmenu.net/wp-content/uploads/2013/04/nutella-frappuccino2.jpg
Vanilla & Chocolate Chip Ice Cream Frappuccino,"Vanilla Bean Frappuccino. Add Mocha Syrup (1 pump tall, 1.5 pumps grande, 2 pumps venti). Add java chips. Top with whipped cream, cookie crumble and mocha drizzle. ",Crème Based Frappuccinos,https://starbuckssecretmenu.net/wp-content/uploads/2013/06/vanilla-and-chocolate-chip-ice-cream-frappuccino.jpg
Teddy Grahams Frappuccino,"Start with a Coffee Frappuccino. Add Cinnamon Dolce Syrup (1 pump tall, 2 pumps grande, 3 pumps venti). Add Vanilla Syrup (1/2 pump tall, 1 pump grande, 1.5 pumps for a venti). Add honey. ",Coffee/Espresso Frappuccinos,https://starbuckssecretmenu.net/wp-content/uploads/2012/12/teddy-graham-frappuccino-424x350.jpg
Cinnamon Toast Crunch Frappuccino,"White Mocha Frappuccino. Add Cinnamon Dolce syrup (1 pump for tall, 1.5 for grande, 2 for venti). Add Hazelnut syrup (1 pump for tall, 1,5 for grande, 2 for venti). Cinnamon sugar blended in. Top with whipped cream and more cinnamon sugar. ",Cereal Frappuccinos,https://starbuckssecretmenu.net/wp-content/uploads/2012/12/cinnamon-toast-crunch-frappuccino-438x350.jpg
Snickerdoodle Frappuccino,"Chai Creme Frappuccino w/ Soy Milk. Add cinnamon dolce syrup (1.5 pumps tall, 2 pumps grande, 2.5 pumps venti). Top with cinnamon dolce sprinkles. ",Cookie Frappuccinos,https://starbuckssecretmenu.net/wp-content/uploads/2013/05/starbucks-snickerdoodle-frappuccino.jpg
Apple Pie Frappuccino,"Fill to first line with cream base. Fill to second line with apple juice. Add cinnamon dolce syrup (1 pump for a tall, 1.5 for a grande, 2 for a venti). Add caramel syrup (1 pump for a tall, 1.5 for a grande, 2 for a venti). ",Crème Based Frappuccinos,https://starbuckssecretmenu.net/wp-content/uploads/2012/12/apple-pie-frappuccino-261x350.jpg
Turtles Frappuccino,"Java Chip Frappuccino. Add toffee nut syrup (1 pump for a tall, 2 for grande, 3 for venti). Top with mocha and caramel drizzle. ",Chocolate Bar Frappuccinos,https://starbuckssecretmenu.net/wp-content/uploads/2013/05/turtle-frappuccino.jpg
French Vanilla Frappuccino,"Vanilla Bean Frappuccino. Add Hazelnut Syrup (1 pump tall, 1.5 pumps grande, 2 pumps venti). Line the cup, and top with caramel drizzle. ",Crème Based Frappuccinos,https://starbuckssecretmenu.net/wp-content/uploads/2013/02/french-vanilla-frappuccino2.jpg
Tuxedo Mocha Frappuccino,"Order a mocha, hot or cold. Made with half white chocolate mocha and half regular mocha. Add java chips and top with mocha drizzle. ",Coffee/Espresso Frappuccinos,https://starbuckssecretmenu.net/wp-content/uploads/2012/08/tuxedo-mocha-frappuccino.jpg
Raspberry Cheesecake Frappuccino,"White Chocolate Mocha Frappuccino. Add Raspberry Syrup (1 pump tall, 1.5 grande, 2 venti). ",Coffee/Espresso Frappuccinos,https://starbuckssecretmenu.net/wp-content/uploads/2012/09/raspberry-cheesecake-frappuccino1.jpg
Grasshopper Frappuccino,"Mocha Frappuccino. Add Java Chips. Add Peppermint Syrup (1 pump tall, 2 pumps grande, 3 pumps venti). ",Coffee/Espresso Frappuccinos,https://starbuckssecretmenu.net/wp-content/uploads/2012/09/grasshopper-frappuccino2.jpg
Banana Nut Frappuccino,Hazelnut Frappuccino – Grande or Venti. Whole banana blended in. ,Crème Based Frappuccinos,https://starbuckssecretmenu.net/wp-content/uploads/2013/05/banana-nut-frappuccino2.jpg
Chocolate Caramel Pretzel Frappuccino,Java chip Frappuccino. Add a pump of caramel syrup. A whole chocolate caramel pretzel (Blend only half). Topped with whipped cream and caramel drizzle. Add the 2nd half of the pretzel as decoration/a scoop!. ,Chocolate Bar Frappuccinos,https://starbuckssecretmenu.net/wp-content/uploads/2013/05/Twix-a-ccino.jpg
